-- phpMyAdmin SQL Dump
-- version 4.7.4
-- https://www.phpmyadmin.net/
--
-- Hôte : 127.0.0.1:3306
-- Généré le :  lun. 27 jan. 2020 à 21:00
-- Version du serveur :  5.7.19
-- Version de PHP :  5.6.31

SET SQL_MODE = "NO_AUTO_VALUE_ON_ZERO";
SET AUTOCOMMIT = 0;
START TRANSACTION;
SET time_zone = "+00:00";


/*!40101 SET @OLD_CHARACTER_SET_CLIENT=@@CHARACTER_SET_CLIENT */;
/*!40101 SET @OLD_CHARACTER_SET_RESULTS=@@CHARACTER_SET_RESULTS */;
/*!40101 SET @OLD_COLLATION_CONNECTION=@@COLLATION_CONNECTION */;
/*!40101 SET NAMES utf8mb4 */;

--
-- Base de données :  `compagnie`
--

-- --------------------------------------------------------

--
-- Structure de la table `abonnees`
--

DROP TABLE IF EXISTS `abonnees`;
CREATE TABLE IF NOT EXISTS `abonnees` (
  `identifiant` int(11) NOT NULL AUTO_INCREMENT,
  `nom` varchar(256) NOT NULL,
  `prenom` varchar(256) NOT NULL,
  `email` varchar(256) NOT NULL,
  `mdp` varchar(256) NOT NULL,
  `nom_compagnie` varchar(265) NOT NULL DEFAULT 'GOLDEN EAGLE',
  `token` varchar(255) NOT NULL DEFAULT '',
  `role` varchar(10) NOT NULL DEFAULT 'abonnee',
  PRIMARY KEY (`identifiant`),
  KEY `num_client` (`nom_compagnie`) USING BTREE
) ENGINE=InnoDB AUTO_INCREMENT=42 DEFAULT CHARSET=latin1;

--
-- Déchargement des données de la table `abonnees`
--

INSERT INTO `abonnees` (`identifiant`, `nom`, `prenom`, `email`, `mdp`, `nom_compagnie`, `token`, `role`) VALUES
(19, 'KABLI', 'anis', 'anis@gmail.com', '$2y$12$4E4NtR0h3fphtmqx8rCV.u3FUOUpDz.Iv9U0mJPun9OhgBW6oigLG', 'GOLDEN EAGLE', '', ''),
(24, 'Amziane', 'Razika', 'razikaameziane@gmail.com', '$2y$12$eBoKByyJGVssTx63f/GLauWP9II7lE6Tzr6fvf2z7JJUbunWmwS7S', 'GOLDEN EAGLE', 'ynm7ldqrre', ''),
(26, 'feriel', 'boutenjel', 'feriel@gmail.com', '$2y$12$4TA4aAPyG7MKKHkvkt7DXOLjCuxta5Sf5IQLCk3LpMYa3DTFIPMYy', 'GOLDEN EAGLE', '', 'admin'),
(30, 'kmhidd', 'dzerzekkkk', 'ferieel@gmail.com', '$2y$12$/9dEKrxgx1h2fjgdUWfwQOUZmujOliHwl/iHi.zjRrpIHwvy0G9ue', 'GOLDEN EAGLE', '', ''),
(31, 'Admin', 'Admin', 'admin@admin.com', '$2y$12$7qZOlZDlYAuTYgbHMWrVsOP9eNdehfxPoVXRma48WpCKKbbOmXpd2', 'GOLDEN EAGLE', '', 'admin'),
(32, 'anis', 'anis', 'anis@anis.com', '$2y$12$Fw5WUJEUxu0jKXd3EbLMN.isZ9hprOs5rtXTXirtwdPmQNgvsXbNO', 'GOLDEN EAGLE', '', 'abonnee'),
(33, 'anis', 'anis', 'anisk@kab.com', '$2y$12$isKPtStZ38CMJc.MsjZGh.LvO3JbDazDnrYzRiLleR2nK9rDWSrIu', 'GOLDEN EAGLE', '', 'abonnee'),
(34, 'anis', 'anis', 'aaa@aaa.com', '$2y$12$ORcUl7.HIIWstAwKxxHT5O5ZebGWl41LdW.DINsAG8g7dJhAJd9b2', 'GOLDEN EAGLE', '', 'abonnee'),
(35, 'anis', 'anis', 'aniskabli@yahoo.fr', '$2y$12$mRlKS050A/zUzg2YSEb8keg1wNs79qa/h2abQIU190TQas5BxW8nu', 'GOLDEN EAGLE', '', 'abonnee'),
(36, 'aaa', 'aaa', 'aaa@aaaa.com', '$2y$12$snyIOPJUx4ICV/M2CMbxhOuWg0eIrbZY3BDiS0P5KkxZBo6WEe7zi', 'GOLDEN EAGLE', '', 'abonnee'),
(37, 'anis', 'anis', 'anis@kabli.com', '$2y$12$7KvbZwSiNDkpT1TN7hPVZOLoOiSUcTx7eVPV2tX/htgsDOAAFdCdS', 'GOLDEN EAGLE', '', 'abonnee'),
(38, 'Kabli', 'Anis', 'anisanis@kabli.com', '$2y$12$t.rgyz5HYs/x8TZdv0JO4OxRNX/gpn.PeTIXvmp0J3QeusdCDSynW', 'GOLDEN EAGLE', '', 'abonnee'),
(40, 'Tarek', 'Tarek', 'tarektarek@cmail.com', '$2y$12$DgbjTgLiQ08NDtISqX7HfeurzALds4CY2mQSdwTsL8xQZjZjTm0Mi', 'GOLDEN EAGLE', '', 'abonnee'),
(41, 'Hallalel', 'Tarek', 'Tarekhallalel@gmail.com', '$2y$12$K0Abpnyqg9SR3M1IEeMeM.z7FLrz5TsPnZtCXRUHgCPk/pFv6f7Ii', 'GOLDEN EAGLE', '', 'abonnee');

-- --------------------------------------------------------

--
-- Structure de la table `aeroport`
--

DROP TABLE IF EXISTS `aeroport`;
CREATE TABLE IF NOT EXISTS `aeroport` (
  `nom_aeroport` varchar(30) NOT NULL,
  `ville` varchar(30) NOT NULL,
  `pays` varchar(30) NOT NULL,
  PRIMARY KEY (`nom_aeroport`)
) ENGINE=InnoDB DEFAULT CHARSET=utf8;

--
-- Déchargement des données de la table `aeroport`
--

INSERT INTO `aeroport` (`nom_aeroport`, `ville`, `pays`) VALUES
('ALGER', 'alger', 'algérie'),
('BANGKOK', 'Bangkok\r\n', 'Thaïlande'),
('BARCELONE', 'Barcelone', 'Espagne'),
('BEIRUT', 'Beirut', 'LEBAN'),
('HAMBURG', 'HAMBURG', 'allemagne'),
('ISTAMBUL', 'ISTAMBUL', 'turkey'),
('KUALA LUMPUR', 'Kuala Lumpur', 'Malaisie'),
('LAS-VEGAS', 'LAS-vegas', 'USA'),
('LYON', 'lyon', 'france'),
('MARRAKECH', 'Marrakech\r\n', 'Maroc'),
('MONTREAL', 'MONTREAL', 'CANADA'),
('PARIS', 'paris', 'france'),
('RABAT', 'RABAT', 'MAROC'),
('STOCKHOLM', 'Stockholm\r\n', 'Suède'),
('STRASBOURG', 'STRASBOURG', 'france');

-- --------------------------------------------------------

--
-- Structure de la table `avion`
--

DROP TABLE IF EXISTS `avion`;
CREATE TABLE IF NOT EXISTS `avion` (
  `matricule_avion` int(11) NOT NULL AUTO_INCREMENT,
  `nom_avion` varchar(30) NOT NULL,
  `poid` varchar(256) NOT NULL,
  `nbrrsiege_eco` int(11) NOT NULL,
  `nbrsiege_premiere` int(11) NOT NULL,
  PRIMARY KEY (`matricule_avion`)
) ENGINE=InnoDB AUTO_INCREMENT=4 DEFAULT CHARSET=utf8;

--
-- Déchargement des données de la table `avion`
--

INSERT INTO `avion` (`matricule_avion`, `nom_avion`, `poid`, `nbrrsiege_eco`, `nbrsiege_premiere`) VALUES
(1, 'airbus', '12312', 255, 30),
(2, 'airbus', '12312', 255, 30),
(3, 'airbus', '12312', 255, 30);

-- --------------------------------------------------------

--
-- Structure de la table `bagage`
--

DROP TABLE IF EXISTS `bagage`;
CREATE TABLE IF NOT EXISTS `bagage` (
  `num_bagage` int(3) NOT NULL AUTO_INCREMENT,
  `qtt_bagage_ensoute` int(11) NOT NULL,
  `qtt_bagage_amain` int(11) NOT NULL,
  `qtt_sac` int(11) NOT NULL,
  `prix` int(255) NOT NULL,
  PRIMARY KEY (`num_bagage`)
) ENGINE=InnoDB AUTO_INCREMENT=54 DEFAULT CHARSET=utf8;

--
-- Déchargement des données de la table `bagage`
--

INSERT INTO `bagage` (`num_bagage`, `qtt_bagage_ensoute`, `qtt_bagage_amain`, `qtt_sac`, `prix`) VALUES
(1, 0, 0, 0, 0),
(3, 1, 1, 1, 21000),
(4, 3, 3, 3, 63000),
(5, 3, 3, 3, 63000),
(6, 1, 1, 2, 27000),
(7, 3, 0, 0, 24000),
(8, 3, 2, 2, 50000),
(9, 0, 0, 1, 6000),
(10, 0, 0, 1, 6000),
(11, 0, 0, 3, 18000),
(12, 0, 0, 3, 18000),
(13, 1, 0, 0, 8000),
(14, 0, 0, 3, 18000),
(15, 0, 0, 0, 0),
(16, 3, 0, 3, 42000),
(17, 0, 0, 3, 18000),
(18, 0, 0, 0, 0),
(19, 0, 0, 0, 0),
(20, 0, 0, 0, 0),
(21, 1, 1, 1, 21000),
(22, 0, 0, 0, 0),
(23, 0, 0, 0, 0),
(24, 0, 0, 0, 0),
(25, 0, 0, 0, 0),
(26, 0, 0, 0, 0),
(27, 0, 2, 0, 14000),
(28, 0, 0, 0, 0),
(29, 0, 0, 0, 0),
(30, 0, 1, 0, 7000),
(31, 0, 0, 0, 0),
(32, 0, 1, 1, 13000),
(33, 0, 0, 0, 0),
(34, 0, 0, 0, 0),
(35, 0, 0, 0, 0),
(36, 0, 0, 0, 0),
(37, 0, 0, 0, 0),
(38, 0, 0, 0, 0),
(39, 0, 0, 0, 0),
(40, 0, 0, 0, 0),
(41, 0, 0, 0, 0),
(42, 0, 0, 0, 0),
(43, 0, 0, 0, 0),
(44, 0, 0, 0, 0),
(45, 0, 0, 0, 0),
(46, 0, 0, 0, 0),
(47, 0, 0, 0, 0),
(48, 1, 2, 1, 28000),
(49, 0, 0, 0, 0),
(50, 0, 0, 0, 0),
(51, 1, 0, 0, 8000),
(52, 1, 1, 1, 21000),
(53, 1, 1, 1, 21000);

-- --------------------------------------------------------

--
-- Structure de la table `carte_banquaire`
--

DROP TABLE IF EXISTS `carte_banquaire`;
CREATE TABLE IF NOT EXISTS `carte_banquaire` (
  `num_carte` int(15) NOT NULL AUTO_INCREMENT,
  `code_carte` varchar(256) NOT NULL,
  `cryptogramme` int(3) NOT NULL,
  `nom_carte` varchar(30) NOT NULL,
  `date_expiration` date NOT NULL,
  `montant` int(30) NOT NULL,
  PRIMARY KEY (`num_carte`)
) ENGINE=InnoDB AUTO_INCREMENT=3 DEFAULT CHARSET=utf8;

--
-- Déchargement des données de la table `carte_banquaire`
--

INSERT INTO `carte_banquaire` (`num_carte`, `code_carte`, `cryptogramme`, `nom_carte`, `date_expiration`, `montant`) VALUES
(1, '546546', 0, 'visa', '2020-01-23', 2566),
(2, '2121', 123, 'goldencarte', '2020-12-12', 3211356);

-- --------------------------------------------------------

--
-- Structure de la table `client`
--

DROP TABLE IF EXISTS `client`;
CREATE TABLE IF NOT EXISTS `client` (
  `num_client` int(5) NOT NULL AUTO_INCREMENT,
  `email` varchar(256) NOT NULL,
  `telephone` int(10) NOT NULL,
  PRIMARY KEY (`num_client`)
) ENGINE=InnoDB AUTO_INCREMENT=173 DEFAULT CHARSET=utf8;

--
-- Déchargement des données de la table `client`
--

INSERT INTO `client` (`num_client`, `email`, `telephone`) VALUES
(76, 'lyeslehara9@gmail.com', 5653322),
(77, 'lyeslehara88@gmail.com', 54454545),
(78, 'lyeslehara88@gmail.com', 54454545),
(79, 'lyeslehara88@gmail.com', 54454545),
(80, 'lyeslehara88@gmail.com', 54454545),
(81, 'lyeslehara88@gmail.com', 54454545),
(82, 'lyeslehara88@gmail.com', 54454545),
(83, 'lyeslehara88@gmail.com', 54454545),
(84, 'lyeslehara88@gmail.com', 54454545),
(85, 'lyeslehara88@gmail.com', 54454545),
(86, 'lyeslehara88@gmail.com', 54454545),
(87, 'lyeslehara88@gmail.com', 54454545),
(88, 'lyeslehara88@gmail.com', 54454545),
(89, 'lyeslehara88@gmail.com', 54454545),
(90, 'lyeslehara88@gmail.com', 54454545),
(91, 'lyeslehara88@gmail.com', 54454545),
(92, 'lyeslehara88@gmail.com', 54454545),
(93, 'lyeslehara88@gmail.com', 54454545),
(94, 'mahfoud1979@hotmail.com', 13396543),
(95, 'mahfoud1979@hotmail.com', 13396543),
(96, 'leharadida@gmail.com', 13396543),
(97, 'leharadida@gmail.com', 13396543),
(98, 'leharadida@gmail.com', 13396543),
(99, 'leharadida@gmail.com', 13396543),
(100, 'leharadida@gmail.com', 13396543),
(101, 'leharadida@gmail.com', 13396543),
(102, 'leharadida@gmail.com', 13396543),
(103, 'leharadida@gmail.com', 13396543),
(104, 'yasmine@gmail.com', 5653322),
(105, 'yasmine@gmail.com', 5653322),
(106, 'yasmine@gmail.com', 5653322),
(107, 'yasmine@gmail.com', 5653322),
(108, 'yasmine@gmail.com', 5653322),
(109, 'yasmine@gmail.com', 5653322),
(110, 'yasmine@gmail.com', 5653322),
(111, 'leharadida@gmail.com', 13396543),
(112, 'yasmine@gmail.com', 5653322),
(113, 'leharadida@gmail.com', 13396543),
(114, 'leharadida@gmail.com', 13396543),
(115, 'leharadida@gmail.com', 13396543),
(116, 'leharadida@gmail.com', 13396543),
(117, 'leharadida@gmail.com', 13396543),
(118, 'leharadida@gmail.com', 13396543),
(119, 'leharadida@gmail.com', 13396543),
(120, 'leharadida@gmail.com', 13396543),
(121, 'leharal@yahoo.com', 65645),
(122, 'leharal@yahoo.com', 65645),
(123, 'leharal@yahoo.com', 65645),
(124, 'mahfoud1979@hotmail.com', 5653322),
(125, 'tarekdz96@live.fr', 557892261),
(126, 'tarekdz96@live.fr', 557892261),
(127, 'aniskabli@yahoo.fr', 665965918),
(128, 'anis@anis.com', 665965918),
(129, 'anis@anis.com', 665965918),
(130, 'anis@anis.com', 665965918),
(131, 'anis@anis.com', 665965918),
(132, 'anis@anis.com', 665965918),
(133, 'anis@anis.com', 665965918),
(134, 'anis@anis.com', 665965918),
(135, 'anis@anis.com', 665965918),
(136, 'anis@anis.com', 665965918),
(137, 'anis@anis.com', 665965918),
(138, 'anis@anis.com', 665965918),
(139, 'anis@anis.com', 665965918),
(140, 'm@m.com', 770482736),
(141, 'aniskabli@yahoo.fr', 665965918),
(142, 'aniskabli@yahoo.fr', 665965918),
(143, 'aniskabli@yahoo.fr', 665965918),
(144, 'aniskabli@yahoo.fr', 266558521),
(145, 'aniskabli@yahoo.fr', 665965918),
(146, 'anis@anis.com', 5588),
(147, 'anis@anis.com', 5588),
(148, 'aaa@aaa.com', 665965918),
(149, 'aniskabli@yahoo.fr', 555888),
(150, 'aniskabli@yahoo.fr', 665965918),
(151, 'tarekdz96@live.fr', 770482736),
(152, 'Tarekhallalel@gmail.com', 770482736),
(153, 'aniskabli@yahoo.fr', 665965918),
(154, 'aniskabli@yahoo.fr', 665965918),
(155, 'aniskabli@yahoo.fr', 665965918),
(156, 'aniskabli@yahoo.fr', 0),
(157, 'kabli.anis002@gmail.com', 0),
(158, 'kabli.anis002@gmail.com', 0),
(159, 'aniskabli@yahoo.fr', 5587422),
(160, 'tarekhallalel@gmail.com', 557892261),
(161, 'tarekdz96@live.fr', 557892261),
(162, 'aniskabli@yahoo.fr', 0),
(163, 'aniskabli@yahoo.fr', 6659658),
(164, 'aniskabli@yahoo.fr', 665965918),
(165, 'aniskabli@yahoo.fr', 665965918),
(166, 'aniskabli@yahoo.fr', 66598445),
(167, 'aniskabli@yahoo.fr', 665965812),
(168, 'Tarekhallalel@gmail.com', 557892261),
(169, 'Tarekhallalel@gmail.com', 557892261),
(170, 'Tarekhallalel@gmail.com', 770482736),
(171, 'Tarekhallalel@gmail.com', 0),
(172, 'Tarekhallalel@gmail.com', 0);

-- --------------------------------------------------------

--
-- Structure de la table `compagnie`
--

DROP TABLE IF EXISTS `compagnie`;
CREATE TABLE IF NOT EXISTS `compagnie` (
  `nom_compagnie` varchar(30) NOT NULL,
  `directeur` varchar(30) NOT NULL,
  `adresse` varchar(30) NOT NULL,
  `revenu` int(30) DEFAULT NULL,
  PRIMARY KEY (`nom_compagnie`)
) ENGINE=InnoDB DEFAULT CHARSET=latin1;

--
-- Déchargement des données de la table `compagnie`
--

INSERT INTO `compagnie` (`nom_compagnie`, `directeur`, `adresse`, `revenu`) VALUES
('GOLDEN EAGLE', 'PROMO ISI', 'AAAAAAAAAAAA', 32123084);

-- --------------------------------------------------------

--
-- Structure de la table `enregistrement`
--

DROP TABLE IF EXISTS `enregistrement`;
CREATE TABLE IF NOT EXISTS `enregistrement` (
  `num_enreg` int(5) NOT NULL AUTO_INCREMENT,
  `num_bagage` int(5) NOT NULL,
  `num_service` int(3) NOT NULL,
  `date_enregistrement` datetime NOT NULL DEFAULT CURRENT_TIMESTAMP,
  `montant` int(11) NOT NULL,
  `num_passager` int(11) NOT NULL,
  `type` varchar(256) NOT NULL,
  `num_carte` int(15) NOT NULL,
  PRIMARY KEY (`num_enreg`),
  KEY `bagage` (`num_bagage`),
  KEY `service` (`num_service`),
  KEY `num_service` (`num_service`),
  KEY `num_passager` (`num_passager`),
  KEY `num_carte` (`num_carte`)
) ENGINE=InnoDB AUTO_INCREMENT=12 DEFAULT CHARSET=utf8;

--
-- Déchargement des données de la table `enregistrement`
--

INSERT INTO `enregistrement` (`num_enreg`, `num_bagage`, `num_service`, `date_enregistrement`, `montant`, `num_passager`, `type`, `num_carte`) VALUES
(5, 35, 37, '2020-01-26 13:11:08', 0, 86, 'Retour', 2),
(6, 48, 49, '2020-01-26 17:38:04', 29800, 91, 'Retour', 2),
(7, 50, 51, '2020-01-27 09:08:44', 0, 93, 'Aller', 2),
(8, 50, 51, '2020-01-27 09:09:57', 0, 93, 'Aller', 2),
(9, 51, 52, '2020-01-27 09:37:18', 8000, 94, 'Aller', 2),
(10, 52, 53, '2020-01-27 15:38:31', 22700, 106, 'Aller', 2),
(11, 53, 54, '2020-01-27 18:39:13', 22600, 108, 'Aller', 2);

-- --------------------------------------------------------

--
-- Structure de la table `escale`
--

DROP TABLE IF EXISTS `escale`;
CREATE TABLE IF NOT EXISTS `escale` (
  `num_vol` int(11) NOT NULL,
  `nom_aeroport` varchar(21) NOT NULL,
  `date_depart` date NOT NULL,
  `heure_depart` time DEFAULT NULL,
  PRIMARY KEY (`num_vol`,`nom_aeroport`),
  KEY `num_vol` (`num_vol`),
  KEY `nom_aeroport` (`nom_aeroport`)
) ENGINE=InnoDB DEFAULT CHARSET=utf8;

--
-- Déchargement des données de la table `escale`
--

INSERT INTO `escale` (`num_vol`, `nom_aeroport`, `date_depart`, `heure_depart`) VALUES
(4, 'lyon', '2020-01-22', '00:00:00'),
(5, 'lyon', '2020-01-22', '00:00:00'),
(6, 'lyon', '2020-01-22', '00:00:00'),
(10, 'lyon', '2020-01-08', '00:00:00'),
(15, 'lyon', '2020-01-22', '00:00:00'),
(24, 'PARIS', '2020-01-29', '14:00:00'),
(25, 'PARIS', '2020-01-29', '18:10:00'),
(26, 'PARIS', '2020-01-29', '14:00:00');

-- --------------------------------------------------------

--
-- Structure de la table `facture_enregistrement`
--

DROP TABLE IF EXISTS `facture_enregistrement`;
CREATE TABLE IF NOT EXISTS `facture_enregistrement` (
  `num_fac_enregi` int(5) NOT NULL AUTO_INCREMENT,
  `nom_comp` varchar(40) NOT NULL,
  `num_enregi` int(5) NOT NULL,
  `date_fac_enregi` datetime DEFAULT CURRENT_TIMESTAMP,
  `sous_tot_enregi` int(10) NOT NULL,
  `etat_facture` varchar(256) NOT NULL DEFAULT 'nonpayé',
  PRIMARY KEY (`num_fac_enregi`),
  KEY `enr` (`num_enregi`),
  KEY `comp` (`nom_comp`)
) ENGINE=InnoDB AUTO_INCREMENT=12 DEFAULT CHARSET=latin1;

--
-- Déchargement des données de la table `facture_enregistrement`
--

INSERT INTO `facture_enregistrement` (`num_fac_enregi`, `nom_comp`, `num_enregi`, `date_fac_enregi`, `sous_tot_enregi`, `etat_facture`) VALUES
(5, 'golden Eagle', 5, '2020-01-26 13:11:08', 0, 'paye'),
(6, 'golden Eagle', 6, '2020-01-26 17:38:04', 29800, 'paye'),
(7, 'golden Eagle', 7, '2020-01-27 09:08:44', 0, 'paye'),
(8, 'golden Eagle', 8, '2020-01-27 09:09:57', 0, 'paye'),
(9, 'golden Eagle', 9, '2020-01-27 09:37:18', 8000, 'paye'),
(10, 'golden Eagle', 10, '2020-01-27 15:38:31', 22700, 'paye'),
(11, 'golden Eagle', 11, '2020-01-27 18:39:13', 22600, 'paye');

-- --------------------------------------------------------

--
-- Structure de la table `facture_reservation`
--

DROP TABLE IF EXISTS `facture_reservation`;
CREATE TABLE IF NOT EXISTS `facture_reservation` (
  `num_fac_res` int(5) NOT NULL AUTO_INCREMENT,
  `nom_comp` varchar(40) DEFAULT NULL,
  `num_res` varchar(16) CHARACTER SET utf8 COLLATE utf8_unicode_ci NOT NULL,
  `date_fac_res` datetime DEFAULT CURRENT_TIMESTAMP,
  `sous_tot_res` int(10) DEFAULT NULL,
  `etat_facture` varchar(256) NOT NULL DEFAULT 'nonpayé',
  PRIMARY KEY (`num_fac_res`),
  KEY `res` (`num_res`),
  KEY `com` (`nom_comp`)
) ENGINE=InnoDB AUTO_INCREMENT=86 DEFAULT CHARSET=latin1;

--
-- Déchargement des données de la table `facture_reservation`
--

INSERT INTO `facture_reservation` (`num_fac_res`, `nom_comp`, `num_res`, `date_fac_res`, `sous_tot_res`, `etat_facture`) VALUES
(39, NULL, 'RES-459395934', '2020-01-22 00:00:00', 40000, 'payer'),
(40, NULL, 'RES-621787788', '2020-01-22 00:00:00', 1000000, 'payer'),
(41, NULL, 'RES-537130096', '2020-01-23 00:00:00', 34000, 'payer'),
(42, NULL, 'RES-352407515', '2020-01-24 00:00:00', 40000, 'non paye'),
(43, NULL, 'RES-971051420', '2020-01-24 00:00:00', 40000, 'non paye'),
(44, NULL, 'RES-908078403', '2020-01-24 00:00:00', 40000, 'non paye'),
(45, NULL, 'RES-136720736', '2020-01-24 00:00:00', 40000, 'non paye'),
(46, NULL, 'RES-217182841', '2020-01-24 00:00:00', 40000, 'non paye'),
(47, NULL, 'RES-245437137', '2020-01-24 00:00:00', 40000, 'payer'),
(48, NULL, 'RES-308170971', '2020-01-24 00:00:00', 40000, 'non paye'),
(49, NULL, 'RES-546940648', '2020-01-24 00:00:00', 40000, 'non paye'),
(50, NULL, 'RES-381875526', '2020-01-24 00:00:00', 40000, 'payer'),
(51, NULL, 'RES-606188085', '2020-01-24 00:00:00', 40000, 'payer'),
(52, NULL, 'RES-801409164', '2020-01-24 00:00:00', 40000, 'non paye'),
(53, NULL, 'RES-352505359', '2020-01-24 00:00:00', 40000, 'payer'),
(54, NULL, 'RES-007985541', '2020-01-24 00:00:00', 17000, 'payer'),
(55, NULL, 'RES-847668596', '2020-01-24 00:00:00', 17000, 'payer'),
(56, NULL, 'RES-002291303', '2020-01-24 00:00:00', 17000, 'non paye'),
(57, NULL, 'RES-258922964', '2020-01-24 00:00:00', 17000, 'payer'),
(58, NULL, 'RES-317234538', '2020-01-24 00:00:00', 40000, 'payer'),
(59, NULL, 'RES-033783822', '2020-01-25 00:00:00', 67000, 'payer'),
(60, NULL, 'RES-040193126', '2020-01-25 00:00:00', 67000, 'non paye'),
(61, NULL, 'RES-165128236', '2020-01-25 00:00:00', 67000, 'non paye'),
(62, NULL, 'RES-687909779', '2020-01-25 00:00:00', 50000, 'payer'),
(63, NULL, 'RES-351979765', '2020-01-26 00:00:00', 50000, 'payer'),
(64, NULL, 'RES-103538456', '2020-01-26 00:00:00', 150000, 'payer'),
(65, NULL, 'RES-448497864', '2020-01-26 00:00:00', 17000, 'payer'),
(66, NULL, 'RES-470448017', '2020-01-26 00:00:00', 17000, 'payer'),
(67, NULL, 'RES-693859660', '2020-01-26 00:00:00', 90000, 'payer'),
(68, NULL, 'RES-702111866', '2020-01-26 00:00:00', 35000, 'payer'),
(69, NULL, 'RES-613319333', '2020-01-26 00:00:00', 75000, 'payer'),
(70, NULL, 'RES-751454059', '2020-01-26 00:00:00', 90000, 'payer'),
(71, NULL, 'RES-287434910', '2020-01-26 00:00:00', 50000, 'payer'),
(72, NULL, 'RES-476682759', '2020-01-26 00:00:00', 100000, 'payer'),
(73, NULL, 'RES-896579079', '2020-01-26 00:00:00', 100000, 'payer'),
(74, NULL, 'RES-207705668', '2020-01-26 00:00:00', 17000, 'payer'),
(75, NULL, 'RES-217471013', '2020-01-26 00:00:00', 34000, 'payer'),
(76, NULL, 'RES-596574233', '2020-01-27 00:00:00', 34000, 'payer'),
(77, NULL, 'RES-591929264', '2020-01-27 00:00:00', 50000, 'payer'),
(78, NULL, 'RES-968127916', '2020-01-27 00:00:00', 150000, 'payer'),
(79, NULL, 'RES-051539294', '2020-01-27 00:00:00', 150000, 'non paye'),
(80, NULL, 'RES-003724802', '2020-01-27 00:00:00', 17000, 'payer'),
(81, NULL, 'RES-408435526', '2020-01-27 00:00:00', 17000, 'payer'),
(82, NULL, 'RES-490261903', '2020-01-27 00:00:00', 17000, 'payer'),
(83, NULL, 'RES-706446476', '2020-01-27 00:00:00', 17000, 'payer'),
(84, NULL, 'RES-703668278', '2020-01-27 00:00:00', 50000, 'payer'),
(85, NULL, 'RES-568424679', '2020-01-27 00:00:00', 17000, 'payer');

-- --------------------------------------------------------

--
-- Structure de la table `passager`
--

DROP TABLE IF EXISTS `passager`;
CREATE TABLE IF NOT EXISTS `passager` (
  `num_passager` int(5) NOT NULL AUTO_INCREMENT,
  `nom` varchar(20) DEFAULT NULL,
  `prenom` varchar(20) DEFAULT NULL,
  `civilité` varchar(256) NOT NULL,
  `date_nais` date DEFAULT NULL,
  `num_res` varchar(16) CHARACTER SET utf8 COLLATE utf8_unicode_ci NOT NULL,
  PRIMARY KEY (`num_passager`),
  KEY `num_reservation` (`num_res`)
) ENGINE=InnoDB AUTO_INCREMENT=109 DEFAULT CHARSET=utf8;

--
-- Déchargement des données de la table `passager`
--

INSERT INTO `passager` (`num_passager`, `nom`, `prenom`, `civilité`, `date_nais`, `num_res`) VALUES
(51, 'yas', 'nn', 'masc', '0000-00-00', '0'),
(52, 'yas', 'nn', 'masc', '0000-00-00', 'RES-898408129'),
(53, 'papa', 'leh', 'masc', '2000-01-04', 'RES-898408129'),
(54, 'hallalel', 'tarek', 'masc', '2020-01-11', 'RES-459395934'),
(55, 'hallalel', 'tarek', 'masc', '2020-01-02', 'RES-621787788'),
(56, 'Anis', 'kabli', 'masc', '2019-12-20', 'RES-537130096'),
(57, 'anis', 'anis', 'masc', '2020-01-26', 'RES-352407515'),
(58, 'anis', 'anis', 'masc', '2020-01-26', 'RES-971051420'),
(59, 'anis', 'anis', 'masc', '2020-01-26', 'RES-908078403'),
(60, 'anis', 'anis', 'masc', '2020-01-26', 'RES-136720736'),
(61, 'anis', 'anis', 'masc', '2020-01-26', 'RES-217182841'),
(62, 'anis', 'anis', 'masc', '2020-01-26', 'RES-245437137'),
(63, 'anis', 'anis', 'masc', '2020-01-26', 'RES-308170971'),
(64, 'anis', 'anis', 'masc', '2020-01-26', 'RES-546940648'),
(65, 'anis', 'anis', 'masc', '2020-01-26', 'RES-381875526'),
(66, 'anis', 'anis', 'masc', '2020-01-26', 'RES-606188085'),
(67, 'anis', 'anis', 'masc', '2020-01-26', 'RES-801409164'),
(68, 'anis', 'anis', 'masc', '2020-01-26', 'RES-352505359'),
(69, 'M', 'M', 'masc', '2020-01-25', 'RES-007985541'),
(70, 'kabli', 'kabli', 'masc', '2020-01-19', 'RES-847668596'),
(71, 'Anis', 'kabli', 'masc', '2020-01-05', 'RES-002291303'),
(72, 'Anis', 'kabli', 'masc', '2020-01-05', 'RES-258922964'),
(73, 'anis', 'anis', 'masc', '2020-01-10', 'RES-317234538'),
(74, 'Anis', 'anis', 'masc', '2020-01-10', 'RES-033783822'),
(75, 'anis', 'anis', 'masc', '2020-01-04', 'RES-040193126'),
(76, 'anis', 'anis', 'masc', '2020-01-04', 'RES-165128236'),
(77, 'anis', 'anis', 'masc', '1999-08-25', 'RES-687909779'),
(78, 'aaa', 'bbbb', 'masc', '2020-01-17', 'RES-351979765'),
(79, 'aaa', 'bbb', 'masc', '2020-01-04', 'RES-103538456'),
(80, 'ccc', 'fff', 'masc', '2020-01-05', 'RES-103538456'),
(81, 'eee', 'zzz', 'masc', '2020-01-12', 'RES-103538456'),
(82, 'Tarek', 'Tarek', 'masc', '2020-01-26', 'RES-448497864'),
(83, 'Tarek', 'Tarek', 'masc', '2020-01-26', 'RES-470448017'),
(84, 'anis', 'anis', 'masc', '2020-01-25', 'RES-693859660'),
(85, 'anis', 'anis', 'masc', '2020-01-12', 'RES-702111866'),
(86, 'Anis', 'Anis', 'masc', '2020-01-04', 'RES-613319333'),
(87, 'Anis', 'Anis', 'masc', '2020-01-12', 'RES-751454059'),
(88, 'anis', 'anis', 'masc', '2020-01-11', 'RES-287434910'),
(89, 'anis', 'anis', 'masc', '2020-01-18', 'RES-476682759'),
(90, 'anis', 'anis', 'masc', '2020-01-25', 'RES-896579079'),
(91, 'tarek', 'hallalel', 'masc', '1996-08-01', 'RES-207705668'),
(92, 'hallalel', 'tarek', 'masc', '1996-08-01', 'RES-217471013'),
(93, 'Anis', 'Kabli', 'masc', '2020-01-03', 'RES-596574233'),
(94, 'kabli', 'anis', 'masc', '2020-01-24', 'RES-591929264'),
(95, 'Anis', 'Kabli', 'masc', '2020-01-12', 'RES-968127916'),
(96, 'hammadache', 'Hakim', 'masc', '2020-01-04', 'RES-968127916'),
(97, 'Hallalel ', 'Tarek', 'masc', '2020-01-03', 'RES-968127916'),
(98, 'Anis', 'Anis', 'masc', '2020-01-03', 'RES-968127916'),
(99, 'Anis', 'Kabli', 'masc', '2020-01-31', 'RES-051539294'),
(100, 'hammadache', 'Hakim', 'masc', '2020-01-04', 'RES-051539294'),
(101, 'Hallalel ', 'Tarek', 'masc', '2020-01-03', 'RES-051539294'),
(102, 'Anis', 'Anis', 'masc', '2020-01-03', 'RES-051539294'),
(103, 'anis', 'kabli', 'masc', '2020-01-17', 'RES-003724802'),
(104, 'hallalel', 'tarek', 'masc', '2020-01-04', 'RES-408435526'),
(105, 'hallalel', 'tarek', 'masc', '2020-01-24', 'RES-490261903'),
(106, 'Tarek', 'Tarek', 'masc', '2020-01-24', 'RES-706446476'),
(107, 'hallalel', 'tarek', 'masc', '2020-01-29', 'RES-703668278'),
(108, 'hallalel', 'tarek', 'masc', '2020-01-23', 'RES-568424679');

-- --------------------------------------------------------

--
-- Structure de la table `reclamation`
--

DROP TABLE IF EXISTS `reclamation`;
CREATE TABLE IF NOT EXISTS `reclamation` (
  `id` int(11) NOT NULL AUTO_INCREMENT,
  `nom` varchar(256) NOT NULL,
  `email` varchar(256) NOT NULL,
  `text` text NOT NULL,
  `nom_compagnie` varchar(256) NOT NULL DEFAULT 'GOLDEN EAGLE',
  PRIMARY KEY (`id`),
  KEY `nom_compagnie` (`nom_compagnie`)
) ENGINE=InnoDB AUTO_INCREMENT=4 DEFAULT CHARSET=latin1;

--
-- Déchargement des données de la table `reclamation`
--

INSERT INTO `reclamation` (`id`, `nom`, `email`, `text`, `nom_compagnie`) VALUES
(1, 'Anis', 'kabli@p.com', 'teste', 'GOLDEN EAGLE'),
(2, 'iuiuuy', 'bjbbbkj', 'ihihhi', 'GOLDEN EAGLE'),
(3, 'Kabli', 'aniskabli@yahoo.fr', 'test test test', 'GOLDEN EAGLE');

-- --------------------------------------------------------

--
-- Structure de la table `reservation`
--

DROP TABLE IF EXISTS `reservation`;
CREATE TABLE IF NOT EXISTS `reservation` (
  `num_res` varchar(16) CHARACTER SET utf8 COLLATE utf8_unicode_ci NOT NULL,
  `date_res` date DEFAULT NULL,
  `heure_res` time DEFAULT NULL,
  `nbr_psg_adulte` int(2) NOT NULL,
  `nbr_psg_enfant` int(11) NOT NULL,
  `nbr_psg_bebe` int(11) NOT NULL,
  `montant` int(10) NOT NULL,
  `num_vol_aller` int(11) NOT NULL,
  `num_vol_retour` int(11) DEFAULT NULL,
  `num_client` int(5) NOT NULL,
  `classe` varchar(255) NOT NULL,
  `num_carte` int(11) DEFAULT NULL,
  PRIMARY KEY (`num_res`),
  KEY `cl` (`num_client`),
  KEY `num_vol_aller` (`num_vol_aller`),
  KEY `num_vol_retour` (`num_vol_retour`),
  KEY `num_carte` (`num_carte`)
) ENGINE=InnoDB DEFAULT CHARSET=utf8;

--
-- Déchargement des données de la table `reservation`
--

INSERT INTO `reservation` (`num_res`, `date_res`, `heure_res`, `nbr_psg_adulte`, `nbr_psg_enfant`, `nbr_psg_bebe`, `montant`, `num_vol_aller`, `num_vol_retour`, `num_client`, `classe`, `num_carte`) VALUES
('', '2020-01-17', '18:06:22', 1, 0, 0, 30000, 10, 12, 39, 'eco', 0),
('3', '2020-01-01', '12:00:00', 1, 0, 0, 200000, 10, 11, 76, 'eco', 0),
('RES-002291303', '2020-01-24', '14:11:36', 1, 0, 0, 17000, 9, 9, 142, 'eco', 0),
('RES-003724802', '2020-01-27', '13:00:02', 1, 0, 0, 17000, 1, 1, 167, 'eco', 2),
('RES-007985541', '2020-01-24', '12:53:05', 1, 0, 0, 17000, 8, 8, 140, 'eco', 2),
('RES-010161116', '2020-01-17', '22:25:49', 1, 0, 0, 30000, 10, 12, 120, 'eco', 0),
('RES-033783822', '2020-01-25', '12:10:09', 1, 0, 0, 67000, 14, 12, 145, 'eco', 2),
('RES-040193126', '2020-01-25', '20:31:05', 1, 0, 0, 67000, 14, 12, 146, 'eco', 0),
('RES-051539294', '2020-01-27', '10:25:54', 2, 1, 1, 150000, 18, 18, 165, 'eco', 0),
('RES-103538456', '2020-01-26', '01:09:47', 3, 0, 0, 150000, 14, 14, 150, 'eco', 2),
('RES-136720736', '2020-01-24', '12:36:06', 1, 0, 0, 40000, 13, 13, 131, 'eco', 0),
('RES-143744396', '2020-01-17', '23:11:08', 1, 0, 0, 30000, 10, 12, 124, 'eco', 0),
('RES-148282223', '2020-01-17', '21:59:36', 1, 0, 0, 30000, 10, 12, 116, 'eco', 0),
('RES-165128236', '2020-01-25', '21:17:03', 1, 0, 0, 67000, 14, 12, 147, 'eco', 0),
('RES-207705668', '2020-01-26', '17:30:52', 1, 0, 0, 17000, 3, 3, 160, 'eco', 2),
('RES-217182841', '2020-01-24', '12:36:54', 1, 0, 0, 40000, 13, 13, 132, 'eco', 0),
('RES-217471013', '2020-01-26', '17:58:16', 1, 0, 0, 34000, 3, 13, 161, 'eco', 2),
('RES-245437137', '2020-01-24', '12:40:13', 1, 0, 0, 40000, 13, 13, 133, 'eco', 2),
('RES-258922964', '2020-01-24', '14:12:19', 1, 0, 0, 17000, 9, 9, 143, 'eco', 2),
('RES-287434910', '2020-01-26', '13:38:31', 1, 0, 0, 50000, 16, 16, 157, 'eco', 2),
('RES-308170971', '2020-01-24', '12:41:42', 1, 0, 0, 40000, 13, 13, 134, 'eco', 0),
('RES-317234538', '2020-01-24', '21:18:51', 1, 0, 0, 40000, 8, 8, 144, 'premiere', 2),
('RES-351979765', '2020-01-26', '01:05:40', 1, 0, 0, 50000, 14, 14, 149, 'eco', 2),
('RES-352407515', '2020-01-24', '12:33:02', 1, 0, 0, 40000, 13, 13, 128, 'eco', 0),
('RES-352505359', '2020-01-24', '12:46:31', 1, 0, 0, 40000, 13, 13, 139, 'eco', 2),
('RES-381875526', '2020-01-24', '12:44:38', 1, 0, 0, 40000, 13, 13, 136, 'eco', 2),
('RES-408435526', '2020-01-27', '13:03:29', 1, 0, 0, 17000, 1, 1, 168, 'eco', 2),
('RES-448497864', '2020-01-26', '09:54:38', 1, 0, 0, 17000, 10, 10, 151, 'eco', 2),
('RES-459395934', '2020-01-22', '00:34:09', 1, 0, 0, 40000, 2, 5, 125, 'eco', 2),
('RES-470448017', '2020-01-26', '10:00:38', 1, 0, 0, 17000, 10, 10, 152, 'eco', 2),
('RES-476682759', '2020-01-26', '13:43:22', 1, 0, 0, 100000, 16, 17, 158, 'eco', 2),
('RES-490261903', '2020-01-27', '13:04:59', 1, 0, 0, 17000, 3, 3, 169, 'eco', 2),
('RES-537130096', '2020-01-23', '11:27:49', 1, 0, 0, 34000, 1, 10, 127, 'eco', 2),
('RES-537704174', '2020-01-17', '22:23:30', 1, 0, 0, 30000, 10, 12, 119, 'eco', 0),
('RES-546940648', '2020-01-24', '12:44:10', 1, 0, 0, 40000, 13, 13, 135, 'eco', 0),
('RES-568424679', '2020-01-27', '18:34:21', 1, 0, 0, 17000, 1, 1, 172, 'eco', 2),
('RES-591929264', '2020-01-27', '09:34:17', 1, 0, 0, 50000, 18, 18, 163, 'eco', 2),
('RES-596574233', '2020-01-27', '09:01:42', 1, 0, 0, 34000, 17, 13, 162, 'eco', 2),
('RES-606188085', '2020-01-24', '12:45:05', 1, 0, 0, 40000, 13, 13, 137, 'eco', 2),
('RES-613319333', '2020-01-26', '12:39:44', 1, 0, 0, 75000, 13, 15, 155, 'premiere', 2),
('RES-621787788', '2020-01-22', '00:52:54', 1, 0, 0, 1000000, 1, 5, 126, 'premiere', 2),
('RES-648811302', '2020-01-17', '22:18:45', 1, 0, 0, 30000, 10, 12, 118, 'eco', 0),
('RES-687909779', '2020-01-25', '23:46:58', 1, 0, 0, 50000, 14, 14, 148, 'eco', 2),
('RES-693859660', '2020-01-26', '11:55:54', 1, 0, 0, 90000, 13, 15, 153, 'eco', 2),
('RES-702111866', '2020-01-26', '12:25:17', 1, 0, 0, 35000, 13, 13, 154, 'premiere', 2),
('RES-703668278', '2020-01-27', '16:35:33', 1, 0, 0, 50000, 3, 3, 171, 'premiere', 2),
('RES-706446476', '2020-01-27', '15:33:50', 1, 0, 0, 17000, 1, 1, 170, 'eco', 2),
('RES-751454059', '2020-01-26', '13:25:56', 1, 0, 0, 90000, 13, 15, 156, 'eco', 2),
('RES-769784590', '2020-01-17', '21:59:45', 1, 0, 0, 30000, 10, 12, 117, 'eco', 0),
('RES-781777824', '2020-01-17', '22:51:58', 1, 0, 0, 30000, 10, 12, 123, 'eco', 0),
('RES-801409164', '2020-01-24', '12:46:08', 1, 0, 0, 40000, 13, 13, 138, 'eco', 0),
('RES-847668596', '2020-01-24', '12:59:04', 1, 0, 0, 17000, 8, 8, 141, 'eco', 2),
('RES-851251108', '2020-01-17', '22:47:03', 1, 0, 0, 30000, 10, 12, 122, 'eco', 0),
('RES-896579079', '2020-01-26', '13:52:42', 1, 0, 0, 100000, 16, 17, 159, 'eco', 2),
('RES-898408129', '2020-01-17', '22:45:59', 1, 0, 0, 30000, 10, 12, 121, 'eco', 0),
('RES-908078403', '2020-01-24', '12:35:21', 1, 0, 0, 40000, 13, 13, 130, 'eco', 0),
('RES-968127916', '2020-01-27', '10:22:21', 2, 1, 1, 150000, 18, 18, 164, 'eco', 2),
('RES-971051420', '2020-01-24', '12:33:58', 1, 0, 0, 40000, 13, 13, 129, 'eco', 0);

-- --------------------------------------------------------

--
-- Structure de la table `service`
--

DROP TABLE IF EXISTS `service`;
CREATE TABLE IF NOT EXISTS `service` (
  `num_service` int(3) NOT NULL AUTO_INCREMENT,
  `repas` varchar(30) NOT NULL,
  `boisson` varchar(30) NOT NULL,
  `prix` int(255) NOT NULL,
  PRIMARY KEY (`num_service`)
) ENGINE=InnoDB AUTO_INCREMENT=55 DEFAULT CHARSET=utf8;

--
-- Déchargement des données de la table `service`
--

INSERT INTO `service` (`num_service`, `repas`, `boisson`, `prix`) VALUES
(4, 'gluten', 'jus', 0),
(5, 'sans-gluten', 'jus-de-legumes', 550),
(6, 'sans-gluten', 'jus-de-legumes', 550),
(7, 'vegan', 'Lemonade', 455),
(8, 'Hypocalorique', 'Lemonade', 855),
(9, 'Hypocalorique', 'Lemonade', 855),
(10, 'Hypocalorique', 'jus-de-fruits', 860),
(11, 'Hypocalorique', 'jus-de-fruits', 860),
(12, 'sans-sel', 'jus-de-legumes', 500),
(13, 'Hypocalorique', 'jus-de-fruits', 860),
(14, 'Hypocalorique', 'Nectar-de-fruits', 840),
(15, 'Hypocalorique', 'Nectar-de-fruits', 840),
(16, 'sans-sel', 'jus-de-legumes', 500),
(17, 'sans-sel', 'Nos-offres', 450),
(18, 'vegan', 'jus-de-fruits', 460),
(19, 'sans-gluten', 'jus-de-legumes', 550),
(20, 'Hypocalorique', 'jus-de-legumes', 850),
(21, 'sans-gluten', 'Nos-offres', 500),
(22, 'vegan', 'Nos-offres', 400),
(23, 'plat-de-jours', 'Nos-offres', 0),
(24, 'plat-de-jours', 'Nos-offres', 0),
(25, 'Hypocalorique', 'Nos-offres', 800),
(26, 'vegan', 'jus-de-fruits', 460),
(27, 'plat-de-jours', 'Nos-offres', 0),
(28, 'plat-de-jours', 'Nos-offres', 0),
(29, 'plat-de-jours', 'Nos-offres', 0),
(30, 'plat-de-jours', 'Nos-offres', 0),
(31, 'sans-sel', 'jus-de-fruits', 510),
(32, 'plat-de-jours', 'Nos-offres', 0),
(33, 'plat-de-jours', 'Nos-offres', 0),
(34, 'plat-de-jours', 'Nos-offres', 0),
(35, 'plat-de-jours', 'Nos-offres', 0),
(36, 'plat-de-jours', 'Nos-offres', 0),
(37, 'plat-de-jours', 'Nos-offres', 0),
(38, 'plat-de-jours', 'Nos-offres', 0),
(39, 'plat-de-jours', 'Nos-offres', 0),
(40, 'plat-de-jours', 'Nos-offres', 0),
(41, 'plat-de-jours', 'Nos-offres', 0),
(42, 'plat-de-jours', 'Nos-offres', 0),
(43, 'plat-de-jours', 'Nos-offres', 0),
(44, 'plat-de-jours', 'Nos-offres', 0),
(45, 'plat-de-jours', 'Nos-offres', 0),
(46, 'plat-de-jours', 'Nos-offres', 0),
(47, 'plat-de-jours', 'Nos-offres', 0),
(48, 'plat-de-jours', 'Nos-offres', 0),
(49, '', '', 1800),
(50, 'plat-de-jours', 'Nos-offres', 0),
(51, 'plat-de-jours', 'Nos-offres', 0),
(52, 'plat-de-jours', 'Nos-offres', 0),
(53, '', '', 1700),
(54, '', '', 1600);

-- --------------------------------------------------------

--
-- Structure de la table `siege`
--

DROP TABLE IF EXISTS `siege`;
CREATE TABLE IF NOT EXISTS `siege` (
  `code_siege` int(11) NOT NULL AUTO_INCREMENT,
  `zone_siege` varchar(5) NOT NULL,
  `classe_siege` varchar(30) NOT NULL,
  `matricule_avion` int(4) NOT NULL DEFAULT '3',
  PRIMARY KEY (`code_siege`),
  KEY `id_avion` (`matricule_avion`)
) ENGINE=InnoDB AUTO_INCREMENT=856 DEFAULT CHARSET=utf8;

--
-- Déchargement des données de la table `siege`
--

INSERT INTO `siege` (`code_siege`, `zone_siege`, `classe_siege`, `matricule_avion`) VALUES
(1, 'A', 'eco', 1),
(2, 'A', 'eco', 1),
(3, 'A', 'eco', 1),
(4, 'B', 'eco', 1),
(5, 'B', 'eco', 1),
(6, 'B', 'eco', 1),
(7, 'B', 'eco', 1),
(8, 'B', 'eco', 1),
(9, 'B', 'eco', 1),
(10, 'B', 'eco', 1),
(11, 'B', 'eco', 1),
(12, 'B', 'eco', 1),
(13, 'C', 'eco', 1),
(14, 'C', 'eco', 1),
(15, 'C', 'eco', 1),
(16, 'C', 'eco', 1),
(17, 'C', 'eco', 1),
(18, 'C', 'eco', 1),
(19, 'C', 'eco', 1),
(20, 'C', 'eco', 1),
(21, 'C', 'eco', 1),
(22, 'D', 'eco', 1),
(23, 'D', 'eco', 1),
(24, 'D', 'eco', 1),
(25, 'D', 'eco', 1),
(26, 'D', 'eco', 1),
(27, 'D', 'eco', 1),
(28, 'D', 'eco', 1),
(29, 'D', 'eco', 1),
(30, 'D', 'eco', 1),
(31, 'E', 'eco', 1),
(32, 'E', 'eco', 1),
(33, 'E', 'eco', 1),
(34, 'E', 'eco', 1),
(35, 'E', 'eco', 1),
(36, 'E', 'eco', 1),
(37, 'E', 'eco', 1),
(38, 'E', 'eco', 1),
(39, 'E', 'eco', 1),
(40, 'F', 'eco', 1),
(41, 'F', 'eco', 1),
(42, 'F', 'eco', 1),
(43, 'F', 'eco', 1),
(44, 'F', 'eco', 1),
(45, 'F', 'eco', 1),
(46, 'F', 'eco', 1),
(47, 'F', 'eco', 1),
(48, 'F', 'eco', 1),
(49, 'G', 'eco', 1),
(50, 'G', 'eco', 1),
(51, 'G', 'eco', 1),
(52, 'G', 'eco', 1),
(53, 'G', 'eco', 1),
(54, 'G', 'eco', 1),
(55, 'G', 'eco', 1),
(56, 'G', 'eco', 1),
(57, 'G', 'eco', 1),
(58, 'H', 'eco', 1),
(59, 'H', 'eco', 1),
(60, 'H', 'eco', 1),
(61, 'H', 'eco', 1),
(62, 'H', 'eco', 1),
(63, 'H', 'eco', 1),
(64, 'H', 'eco', 1),
(65, 'H', 'eco', 1),
(66, 'H', 'eco', 1),
(67, 'I', 'eco', 1),
(68, 'I', 'eco', 1),
(69, 'I', 'eco', 1),
(70, 'I', 'eco', 1),
(71, 'I', 'eco', 1),
(72, 'I', 'eco', 1),
(73, 'I', 'eco', 1),
(74, 'I', 'eco', 1),
(75, 'I', 'eco', 1),
(76, 'J', 'eco', 1),
(77, 'J', 'eco', 1),
(78, 'J', 'eco', 1),
(79, 'J', 'eco', 1),
(80, 'J', 'eco', 1),
(81, 'J', 'eco', 1),
(82, 'J', 'eco', 1),
(83, 'J', 'eco', 1),
(84, 'J', 'eco', 1),
(85, 'K', 'eco', 1),
(86, 'K', 'eco', 1),
(87, 'K', 'eco', 1),
(88, 'K', 'eco', 1),
(89, 'K', 'eco', 1),
(90, 'K', 'eco', 1),
(91, 'K', 'eco', 1),
(92, 'K', 'eco', 1),
(93, 'K', 'eco', 1),
(94, 'L', 'eco', 1),
(95, 'L', 'eco', 1),
(96, 'L', 'eco', 1),
(97, 'L', 'eco', 1),
(98, 'L', 'eco', 1),
(99, 'L', 'eco', 1),
(100, 'L', 'eco', 1),
(101, 'L', 'eco', 1),
(102, 'L', 'eco', 1),
(103, 'M', 'eco', 1),
(104, 'M', 'eco', 1),
(105, 'M', 'eco', 1),
(106, 'M', 'eco', 1),
(107, 'M', 'eco', 1),
(108, 'M', 'eco', 1),
(109, 'M', 'eco', 1),
(110, 'M', 'eco', 1),
(111, 'M', 'eco', 1),
(112, 'N', 'eco', 1),
(113, 'N', 'eco', 1),
(114, 'N', 'eco', 1),
(115, 'N', 'eco', 1),
(116, 'N', 'eco', 1),
(117, 'N', 'eco', 1),
(118, 'N', 'eco', 1),
(119, 'N', 'eco', 1),
(120, 'N', 'eco', 1),
(121, 'O', 'eco', 1),
(122, 'O', 'eco', 1),
(123, 'O', 'eco', 1),
(124, 'O', 'eco', 1),
(125, 'O', 'eco', 1),
(126, 'O', 'eco', 1),
(127, 'O', 'eco', 1),
(128, 'O', 'eco', 1),
(129, 'O', 'eco', 1),
(130, 'P', 'eco', 1),
(131, 'P', 'eco', 1),
(132, 'P', 'eco', 1),
(133, 'P', 'eco', 1),
(134, 'P', 'eco', 1),
(135, 'P', 'eco', 1),
(136, 'P', 'eco', 1),
(137, 'P', 'eco', 1),
(138, 'P', 'eco', 1),
(139, 'Q', 'eco', 1),
(140, 'Q', 'eco', 1),
(141, 'Q', 'eco', 1),
(142, 'Q', 'eco', 1),
(143, 'Q', 'eco', 1),
(144, 'Q', 'eco', 1),
(145, 'Q', 'eco', 1),
(146, 'Q', 'eco', 1),
(147, 'Q', 'eco', 1),
(148, 'R', 'eco', 1),
(149, 'R', 'eco', 1),
(150, 'R', 'eco', 1),
(151, 'R', 'eco', 1),
(152, 'R', 'eco', 1),
(153, 'R', 'eco', 1),
(154, 'R', 'eco', 1),
(155, 'R', 'eco', 1),
(156, 'R', 'eco', 1),
(157, 'S', 'eco', 1),
(158, 'S', 'eco', 1),
(159, 'S', 'eco', 1),
(160, 'S', 'eco', 1),
(161, 'S', 'eco', 1),
(162, 'S', 'eco', 1),
(163, 'S', 'eco', 1),
(164, 'S', 'eco', 1),
(165, 'S', 'eco', 1),
(166, 'T', 'eco', 1),
(167, 'T', 'eco', 1),
(168, 'T', 'eco', 1),
(169, 'T', 'eco', 1),
(170, 'T', 'eco', 1),
(171, 'T', 'eco', 1),
(172, 'T', 'eco', 1),
(173, 'T', 'eco', 1),
(174, 'T', 'eco', 1),
(175, 'U', 'eco', 1),
(176, 'U', 'eco', 1),
(177, 'U', 'eco', 1),
(178, 'U', 'eco', 1),
(179, 'U', 'eco', 1),
(180, 'U', 'eco', 1),
(181, 'U', 'eco', 1),
(182, 'U', 'eco', 1),
(183, 'U', 'eco', 1),
(184, 'V', 'eco', 1),
(185, 'V', 'eco', 1),
(186, 'V', 'eco', 1),
(187, 'V', 'eco', 1),
(188, 'V', 'eco', 1),
(189, 'V', 'eco', 1),
(190, 'V', 'eco', 1),
(191, 'V', 'eco', 1),
(192, 'V', 'eco', 1),
(193, 'W', 'eco', 1),
(194, 'W', 'eco', 1),
(195, 'W', 'eco', 1),
(196, 'W', 'eco', 1),
(197, 'W', 'eco', 1),
(198, 'W', 'eco', 1),
(199, 'W', 'eco', 1),
(200, 'W', 'eco', 1),
(201, 'W', 'eco', 1),
(202, 'X', 'eco', 1),
(203, 'X', 'eco', 1),
(204, 'X', 'eco', 1),
(205, 'X', 'eco', 1),
(206, 'X', 'eco', 1),
(207, 'X', 'eco', 1),
(208, 'X', 'eco', 1),
(209, 'X', 'eco', 1),
(210, 'X', 'eco', 1),
(211, 'Y', 'eco', 1),
(212, 'Y', 'eco', 1),
(213, 'Y', 'eco', 1),
(214, 'Y', 'eco', 1),
(215, 'Y', 'eco', 1),
(216, 'Y', 'eco', 1),
(217, 'Y', 'eco', 1),
(218, 'Y', 'eco', 1),
(219, 'Y', 'eco', 1),
(220, 'Z', 'eco', 1),
(221, 'Z', 'eco', 1),
(222, 'Z', 'eco', 1),
(223, 'Z', 'eco', 1),
(224, 'Z', 'eco', 1),
(225, 'Z', 'eco', 1),
(226, 'Z', 'eco', 1),
(227, 'Z', 'eco', 1),
(228, 'Z', 'eco', 1),
(229, 'AB', 'eco', 1),
(230, 'AB', 'eco', 1),
(231, 'AB', 'eco', 1),
(232, 'AB', 'eco', 1),
(233, 'AB', 'eco', 1),
(234, 'AB', 'eco', 1),
(235, 'AB', 'eco', 1),
(236, 'AB', 'eco', 1),
(237, 'AB', 'eco', 1),
(238, 'AC', 'eco', 1),
(239, 'AC', 'eco', 1),
(240, 'AC', 'eco', 1),
(241, 'AC', 'eco', 1),
(242, 'AC', 'eco', 1),
(243, 'AC', 'eco', 1),
(244, 'AC', 'eco', 1),
(245, 'AC', 'eco', 1),
(246, 'AC', 'eco', 1),
(247, 'AD', 'eco', 1),
(248, 'AD', 'eco', 1),
(249, 'AD', 'eco', 1),
(250, 'AD', 'eco', 1),
(251, 'AD', 'eco', 1),
(252, 'AD', 'eco', 1),
(253, 'AD', 'eco', 1),
(254, 'AD', 'eco', 1),
(255, 'AD', 'eco', 1),
(256, 'A', 'premiere', 1),
(257, 'A', 'premiere', 1),
(258, 'A', 'premiere', 1),
(259, 'A', 'premiere', 1),
(260, 'A', 'premiere', 1),
(261, 'A', 'premiere', 1),
(262, 'A', 'premiere', 1),
(263, 'A', 'premiere', 1),
(264, 'B', 'premiere', 1),
(265, 'B', 'premiere', 1),
(266, 'B', 'premiere', 1),
(267, 'B', 'premiere', 1),
(268, 'B', 'premiere', 1),
(269, 'B', 'premiere', 1),
(270, 'B', 'premiere', 1),
(271, 'C', 'premiere', 1),
(272, 'C', 'premiere', 1),
(273, 'C', 'premiere', 1),
(274, 'C', 'premiere', 1),
(275, 'C', 'premiere', 1),
(276, 'C', 'premiere', 1),
(277, 'C', 'premiere', 1),
(278, 'D', 'premiere', 1),
(279, 'D', 'premiere', 1),
(280, 'D', 'premiere', 1),
(281, 'D', 'premiere', 1),
(282, 'D', 'premiere', 1),
(283, 'D', 'premiere', 1),
(284, 'D', 'premiere', 1),
(285, 'D', 'premiere', 1),
(286, 'A', 'eco', 2),
(287, 'A', 'eco', 2),
(288, 'A', 'eco', 2),
(289, 'B', 'eco', 2),
(290, 'B', 'eco', 2),
(291, 'B', 'eco', 2),
(292, 'B', 'eco', 2),
(293, 'B', 'eco', 2),
(294, 'B', 'eco', 2),
(295, 'B', 'eco', 2),
(296, 'B', 'eco', 2),
(297, 'B', 'eco', 2),
(298, 'C', 'eco', 2),
(299, 'C', 'eco', 2),
(300, 'C', 'eco', 2),
(301, 'C', 'eco', 2),
(302, 'C', 'eco', 2),
(303, 'C', 'eco', 2),
(304, 'C', 'eco', 2),
(305, 'C', 'eco', 2),
(306, 'C', 'eco', 2),
(307, 'D', 'eco', 2),
(308, 'D', 'eco', 2),
(309, 'D', 'eco', 2),
(310, 'D', 'eco', 2),
(311, 'D', 'eco', 2),
(312, 'D', 'eco', 2),
(313, 'D', 'eco', 2),
(314, 'D', 'eco', 2),
(315, 'D', 'eco', 2),
(316, 'E', 'eco', 2),
(317, 'E', 'eco', 2),
(318, 'E', 'eco', 2),
(319, 'E', 'eco', 2),
(320, 'E', 'eco', 2),
(321, 'E', 'eco', 2),
(322, 'E', 'eco', 2),
(323, 'E', 'eco', 2),
(324, 'E', 'eco', 2),
(325, 'F', 'eco', 2),
(326, 'F', 'eco', 2),
(327, 'F', 'eco', 2),
(328, 'F', 'eco', 2),
(329, 'F', 'eco', 2),
(330, 'F', 'eco', 2),
(331, 'F', 'eco', 2),
(332, 'F', 'eco', 2),
(333, 'F', 'eco', 2),
(334, 'G', 'eco', 2),
(335, 'G', 'eco', 2),
(336, 'G', 'eco', 2),
(337, 'G', 'eco', 2),
(338, 'G', 'eco', 2),
(339, 'G', 'eco', 2),
(340, 'G', 'eco', 2),
(341, 'G', 'eco', 2),
(342, 'G', 'eco', 2),
(343, 'H', 'eco', 2),
(344, 'H', 'eco', 2),
(345, 'H', 'eco', 2),
(346, 'H', 'eco', 2),
(347, 'H', 'eco', 2),
(348, 'H', 'eco', 2),
(349, 'H', 'eco', 2),
(350, 'H', 'eco', 2),
(351, 'H', 'eco', 2),
(352, 'I', 'eco', 2),
(353, 'I', 'eco', 2),
(354, 'I', 'eco', 2),
(355, 'I', 'eco', 2),
(356, 'I', 'eco', 2),
(357, 'I', 'eco', 2),
(358, 'I', 'eco', 2),
(359, 'I', 'eco', 2),
(360, 'I', 'eco', 2),
(361, 'J', 'eco', 2),
(362, 'J', 'eco', 2),
(363, 'J', 'eco', 2),
(364, 'J', 'eco', 2),
(365, 'J', 'eco', 2),
(366, 'J', 'eco', 2),
(367, 'J', 'eco', 2),
(368, 'J', 'eco', 2),
(369, 'J', 'eco', 2),
(370, 'K', 'eco', 2),
(371, 'K', 'eco', 2),
(372, 'K', 'eco', 2),
(373, 'K', 'eco', 2),
(374, 'K', 'eco', 2),
(375, 'K', 'eco', 2),
(376, 'K', 'eco', 2),
(377, 'K', 'eco', 2),
(378, 'K', 'eco', 2),
(379, 'L', 'eco', 2),
(380, 'L', 'eco', 2),
(381, 'L', 'eco', 2),
(382, 'L', 'eco', 2),
(383, 'L', 'eco', 2),
(384, 'L', 'eco', 2),
(385, 'L', 'eco', 2),
(386, 'L', 'eco', 2),
(387, 'L', 'eco', 2),
(388, 'M', 'eco', 2),
(389, 'M', 'eco', 2),
(390, 'M', 'eco', 2),
(391, 'M', 'eco', 2),
(392, 'M', 'eco', 2),
(393, 'M', 'eco', 2),
(394, 'M', 'eco', 2),
(395, 'M', 'eco', 2),
(396, 'M', 'eco', 2),
(397, 'N', 'eco', 2),
(398, 'N', 'eco', 2),
(399, 'N', 'eco', 2),
(400, 'N', 'eco', 2),
(401, 'N', 'eco', 2),
(402, 'N', 'eco', 2),
(403, 'N', 'eco', 2),
(404, 'N', 'eco', 2),
(405, 'N', 'eco', 2),
(406, 'O', 'eco', 2),
(407, 'O', 'eco', 2),
(408, 'O', 'eco', 2),
(409, 'O', 'eco', 2),
(410, 'O', 'eco', 2),
(411, 'O', 'eco', 2),
(412, 'O', 'eco', 2),
(413, 'O', 'eco', 2),
(414, 'O', 'eco', 2),
(415, 'P', 'eco', 2),
(416, 'P', 'eco', 2),
(417, 'P', 'eco', 2),
(418, 'P', 'eco', 2),
(419, 'P', 'eco', 2),
(420, 'P', 'eco', 2),
(421, 'P', 'eco', 2),
(422, 'P', 'eco', 2),
(423, 'P', 'eco', 2),
(424, 'Q', 'eco', 2),
(425, 'Q', 'eco', 2),
(426, 'Q', 'eco', 2),
(427, 'Q', 'eco', 2),
(428, 'Q', 'eco', 2),
(429, 'Q', 'eco', 2),
(430, 'Q', 'eco', 2),
(431, 'Q', 'eco', 2),
(432, 'Q', 'eco', 2),
(433, 'R', 'eco', 2),
(434, 'R', 'eco', 2),
(435, 'R', 'eco', 2),
(436, 'R', 'eco', 2),
(437, 'R', 'eco', 2),
(438, 'R', 'eco', 2),
(439, 'R', 'eco', 2),
(440, 'R', 'eco', 2),
(441, 'R', 'eco', 2),
(442, 'S', 'eco', 2),
(443, 'S', 'eco', 2),
(444, 'S', 'eco', 2),
(445, 'S', 'eco', 2),
(446, 'S', 'eco', 2),
(447, 'S', 'eco', 2),
(448, 'S', 'eco', 2),
(449, 'S', 'eco', 2),
(450, 'S', 'eco', 2),
(451, 'T', 'eco', 2),
(452, 'T', 'eco', 2),
(453, 'T', 'eco', 2),
(454, 'T', 'eco', 2),
(455, 'T', 'eco', 2),
(456, 'T', 'eco', 2),
(457, 'T', 'eco', 2),
(458, 'T', 'eco', 2),
(459, 'T', 'eco', 2),
(460, 'U', 'eco', 2),
(461, 'U', 'eco', 2),
(462, 'U', 'eco', 2),
(463, 'U', 'eco', 2),
(464, 'U', 'eco', 2),
(465, 'U', 'eco', 2),
(466, 'U', 'eco', 2),
(467, 'U', 'eco', 2),
(468, 'U', 'eco', 2),
(469, 'V', 'eco', 2),
(470, 'V', 'eco', 2),
(471, 'V', 'eco', 2),
(472, 'V', 'eco', 2),
(473, 'V', 'eco', 2),
(474, 'V', 'eco', 2),
(475, 'V', 'eco', 2),
(476, 'V', 'eco', 2),
(477, 'V', 'eco', 2),
(478, 'W', 'eco', 2),
(479, 'W', 'eco', 2),
(480, 'W', 'eco', 2),
(481, 'W', 'eco', 2),
(482, 'W', 'eco', 2),
(483, 'W', 'eco', 2),
(484, 'W', 'eco', 2),
(485, 'W', 'eco', 2),
(486, 'W', 'eco', 2),
(487, 'X', 'eco', 2),
(488, 'X', 'eco', 2),
(489, 'X', 'eco', 2),
(490, 'X', 'eco', 2),
(491, 'X', 'eco', 2),
(492, 'X', 'eco', 2),
(493, 'X', 'eco', 2),
(494, 'X', 'eco', 2),
(495, 'X', 'eco', 2),
(496, 'Y', 'eco', 2),
(497, 'Y', 'eco', 2),
(498, 'Y', 'eco', 2),
(499, 'Y', 'eco', 2),
(500, 'Y', 'eco', 2),
(501, 'Y', 'eco', 2),
(502, 'Y', 'eco', 2),
(503, 'Y', 'eco', 2),
(504, 'Y', 'eco', 2),
(505, 'Z', 'eco', 2),
(506, 'Z', 'eco', 2),
(507, 'Z', 'eco', 2),
(508, 'Z', 'eco', 2),
(509, 'Z', 'eco', 2),
(510, 'Z', 'eco', 2),
(511, 'Z', 'eco', 2),
(512, 'Z', 'eco', 2),
(513, 'Z', 'eco', 2),
(514, 'AB', 'eco', 2),
(515, 'AB', 'eco', 2),
(516, 'AB', 'eco', 2),
(517, 'AB', 'eco', 2),
(518, 'AB', 'eco', 2),
(519, 'AB', 'eco', 2),
(520, 'AB', 'eco', 2),
(521, 'AB', 'eco', 2),
(522, 'AB', 'eco', 2),
(523, 'AC', 'eco', 2),
(524, 'AC', 'eco', 2),
(525, 'AC', 'eco', 2),
(526, 'AC', 'eco', 2),
(527, 'AC', 'eco', 2),
(528, 'AC', 'eco', 2),
(529, 'AC', 'eco', 2),
(530, 'AC', 'eco', 2),
(531, 'AC', 'eco', 2),
(532, 'AD', 'eco', 2),
(533, 'AD', 'eco', 2),
(534, 'AD', 'eco', 2),
(535, 'AD', 'eco', 2),
(536, 'AD', 'eco', 2),
(537, 'AD', 'eco', 2),
(538, 'AD', 'eco', 2),
(539, 'AD', 'eco', 2),
(540, 'AD', 'eco', 2),
(541, 'A', 'premiere', 2),
(542, 'A', 'premiere', 2),
(543, 'A', 'premiere', 2),
(544, 'A', 'premiere', 2),
(545, 'A', 'premiere', 2),
(546, 'A', 'premiere', 2),
(547, 'A', 'premiere', 2),
(548, 'A', 'premiere', 2),
(549, 'B', 'premiere', 2),
(550, 'B', 'premiere', 2),
(551, 'B', 'premiere', 2),
(552, 'B', 'premiere', 2),
(553, 'B', 'premiere', 2),
(554, 'B', 'premiere', 2),
(555, 'B', 'premiere', 2),
(556, 'C', 'premiere', 2),
(557, 'C', 'premiere', 2),
(558, 'C', 'premiere', 2),
(559, 'C', 'premiere', 2),
(560, 'C', 'premiere', 2),
(561, 'C', 'premiere', 2),
(562, 'C', 'premiere', 2),
(563, 'D', 'premiere', 2),
(564, 'D', 'premiere', 2),
(565, 'D', 'premiere', 2),
(566, 'D', 'premiere', 2),
(567, 'D', 'premiere', 2),
(568, 'D', 'premiere', 2),
(569, 'D', 'premiere', 2),
(570, 'D', 'premiere', 2),
(571, 'A', 'eco', 3),
(572, 'A', 'eco', 3),
(573, 'A', 'eco', 3),
(574, 'B', 'eco', 3),
(575, 'B', 'eco', 3),
(576, 'B', 'eco', 3),
(577, 'B', 'eco', 3),
(578, 'B', 'eco', 3),
(579, 'B', 'eco', 3),
(580, 'B', 'eco', 3),
(581, 'B', 'eco', 3),
(582, 'B', 'eco', 3),
(583, 'C', 'eco', 3),
(584, 'C', 'eco', 3),
(585, 'C', 'eco', 3),
(586, 'C', 'eco', 3),
(587, 'C', 'eco', 3),
(588, 'C', 'eco', 3),
(589, 'C', 'eco', 3),
(590, 'C', 'eco', 3),
(591, 'C', 'eco', 3),
(592, 'D', 'eco', 3),
(593, 'D', 'eco', 3),
(594, 'D', 'eco', 3),
(595, 'D', 'eco', 3),
(596, 'D', 'eco', 3),
(597, 'D', 'eco', 3),
(598, 'D', 'eco', 3),
(599, 'D', 'eco', 3),
(600, 'D', 'eco', 3),
(601, 'E', 'eco', 3),
(602, 'E', 'eco', 3),
(603, 'E', 'eco', 3),
(604, 'E', 'eco', 3),
(605, 'E', 'eco', 3),
(606, 'E', 'eco', 3),
(607, 'E', 'eco', 3),
(608, 'E', 'eco', 3),
(609, 'E', 'eco', 3),
(610, 'F', 'eco', 3),
(611, 'F', 'eco', 3),
(612, 'F', 'eco', 3),
(613, 'F', 'eco', 3),
(614, 'F', 'eco', 3),
(615, 'F', 'eco', 3),
(616, 'F', 'eco', 3),
(617, 'F', 'eco', 3),
(618, 'F', 'eco', 3),
(619, 'G', 'eco', 3),
(620, 'G', 'eco', 3),
(621, 'G', 'eco', 3),
(622, 'G', 'eco', 3),
(623, 'G', 'eco', 3),
(624, 'G', 'eco', 3),
(625, 'G', 'eco', 3),
(626, 'G', 'eco', 3),
(627, 'G', 'eco', 3),
(628, 'H', 'eco', 3),
(629, 'H', 'eco', 3),
(630, 'H', 'eco', 3),
(631, 'H', 'eco', 3),
(632, 'H', 'eco', 3),
(633, 'H', 'eco', 3),
(634, 'H', 'eco', 3),
(635, 'H', 'eco', 3),
(636, 'H', 'eco', 3),
(637, 'I', 'eco', 3),
(638, 'I', 'eco', 3),
(639, 'I', 'eco', 3),
(640, 'I', 'eco', 3),
(641, 'I', 'eco', 3),
(642, 'I', 'eco', 3),
(643, 'I', 'eco', 3),
(644, 'I', 'eco', 3),
(645, 'I', 'eco', 3),
(646, 'J', 'eco', 3),
(647, 'J', 'eco', 3),
(648, 'J', 'eco', 3),
(649, 'J', 'eco', 3),
(650, 'J', 'eco', 3),
(651, 'J', 'eco', 3),
(652, 'J', 'eco', 3),
(653, 'J', 'eco', 3),
(654, 'J', 'eco', 3),
(655, 'K', 'eco', 3),
(656, 'K', 'eco', 3),
(657, 'K', 'eco', 3),
(658, 'K', 'eco', 3),
(659, 'K', 'eco', 3),
(660, 'K', 'eco', 3),
(661, 'K', 'eco', 3),
(662, 'K', 'eco', 3),
(663, 'K', 'eco', 3),
(664, 'L', 'eco', 3),
(665, 'L', 'eco', 3),
(666, 'L', 'eco', 3),
(667, 'L', 'eco', 3),
(668, 'L', 'eco', 3),
(669, 'L', 'eco', 3),
(670, 'L', 'eco', 3),
(671, 'L', 'eco', 3),
(672, 'L', 'eco', 3),
(673, 'M', 'eco', 3),
(674, 'M', 'eco', 3),
(675, 'M', 'eco', 3),
(676, 'M', 'eco', 3),
(677, 'M', 'eco', 3),
(678, 'M', 'eco', 3),
(679, 'M', 'eco', 3),
(680, 'M', 'eco', 3),
(681, 'M', 'eco', 3),
(682, 'N', 'eco', 3),
(683, 'N', 'eco', 3),
(684, 'N', 'eco', 3),
(685, 'N', 'eco', 3),
(686, 'N', 'eco', 3),
(687, 'N', 'eco', 3),
(688, 'N', 'eco', 3),
(689, 'N', 'eco', 3),
(690, 'N', 'eco', 3),
(691, 'O', 'eco', 3),
(692, 'O', 'eco', 3),
(693, 'O', 'eco', 3),
(694, 'O', 'eco', 3),
(695, 'O', 'eco', 3),
(696, 'O', 'eco', 3),
(697, 'O', 'eco', 3),
(698, 'O', 'eco', 3),
(699, 'O', 'eco', 3),
(700, 'P', 'eco', 3),
(701, 'P', 'eco', 3),
(702, 'P', 'eco', 3),
(703, 'P', 'eco', 3),
(704, 'P', 'eco', 3),
(705, 'P', 'eco', 3),
(706, 'P', 'eco', 3),
(707, 'P', 'eco', 3),
(708, 'P', 'eco', 3),
(709, 'Q', 'eco', 3),
(710, 'Q', 'eco', 3),
(711, 'Q', 'eco', 3),
(712, 'Q', 'eco', 3),
(713, 'Q', 'eco', 3),
(714, 'Q', 'eco', 3),
(715, 'Q', 'eco', 3),
(716, 'Q', 'eco', 3),
(717, 'Q', 'eco', 3),
(718, 'R', 'eco', 3),
(719, 'R', 'eco', 3),
(720, 'R', 'eco', 3),
(721, 'R', 'eco', 3),
(722, 'R', 'eco', 3),
(723, 'R', 'eco', 3),
(724, 'R', 'eco', 3),
(725, 'R', 'eco', 3),
(726, 'R', 'eco', 3),
(727, 'S', 'eco', 3),
(728, 'S', 'eco', 3),
(729, 'S', 'eco', 3),
(730, 'S', 'eco', 3),
(731, 'S', 'eco', 3),
(732, 'S', 'eco', 3),
(733, 'S', 'eco', 3),
(734, 'S', 'eco', 3),
(735, 'S', 'eco', 3),
(736, 'T', 'eco', 3),
(737, 'T', 'eco', 3),
(738, 'T', 'eco', 3),
(739, 'T', 'eco', 3),
(740, 'T', 'eco', 3),
(741, 'T', 'eco', 3),
(742, 'T', 'eco', 3),
(743, 'T', 'eco', 3),
(744, 'T', 'eco', 3),
(745, 'U', 'eco', 3),
(746, 'U', 'eco', 3),
(747, 'U', 'eco', 3),
(748, 'U', 'eco', 3),
(749, 'U', 'eco', 3),
(750, 'U', 'eco', 3),
(751, 'U', 'eco', 3),
(752, 'U', 'eco', 3),
(753, 'U', 'eco', 3),
(754, 'V', 'eco', 3),
(755, 'V', 'eco', 3),
(756, 'V', 'eco', 3),
(757, 'V', 'eco', 3),
(758, 'V', 'eco', 3),
(759, 'V', 'eco', 3),
(760, 'V', 'eco', 3),
(761, 'V', 'eco', 3),
(762, 'V', 'eco', 3),
(763, 'W', 'eco', 3),
(764, 'W', 'eco', 3),
(765, 'W', 'eco', 3),
(766, 'W', 'eco', 3),
(767, 'W', 'eco', 3),
(768, 'W', 'eco', 3),
(769, 'W', 'eco', 3),
(770, 'W', 'eco', 3),
(771, 'W', 'eco', 3),
(772, 'X', 'eco', 3),
(773, 'X', 'eco', 3),
(774, 'X', 'eco', 3),
(775, 'X', 'eco', 3),
(776, 'X', 'eco', 3),
(777, 'X', 'eco', 3),
(778, 'X', 'eco', 3),
(779, 'X', 'eco', 3),
(780, 'X', 'eco', 3),
(781, 'Y', 'eco', 3),
(782, 'Y', 'eco', 3),
(783, 'Y', 'eco', 3),
(784, 'Y', 'eco', 3),
(785, 'Y', 'eco', 3),
(786, 'Y', 'eco', 3),
(787, 'Y', 'eco', 3),
(788, 'Y', 'eco', 3),
(789, 'Y', 'eco', 3),
(790, 'Z', 'eco', 3),
(791, 'Z', 'eco', 3),
(792, 'Z', 'eco', 3),
(793, 'Z', 'eco', 3),
(794, 'Z', 'eco', 3),
(795, 'Z', 'eco', 3),
(796, 'Z', 'eco', 3),
(797, 'Z', 'eco', 3),
(798, 'Z', 'eco', 3),
(799, 'AB', 'eco', 3),
(800, 'AB', 'eco', 3),
(801, 'AB', 'eco', 3),
(802, 'AB', 'eco', 3),
(803, 'AB', 'eco', 3),
(804, 'AB', 'eco', 3),
(805, 'AB', 'eco', 3),
(806, 'AB', 'eco', 3),
(807, 'AB', 'eco', 3),
(808, 'AC', 'eco', 3),
(809, 'AC', 'eco', 3),
(810, 'AC', 'eco', 3),
(811, 'AC', 'eco', 3),
(812, 'AC', 'eco', 3),
(813, 'AC', 'eco', 3),
(814, 'AC', 'eco', 3),
(815, 'AC', 'eco', 3),
(816, 'AC', 'eco', 3),
(817, 'AD', 'eco', 3),
(818, 'AD', 'eco', 3),
(819, 'AD', 'eco', 3),
(820, 'AD', 'eco', 3),
(821, 'AD', 'eco', 3),
(822, 'AD', 'eco', 3),
(823, 'AD', 'eco', 3),
(824, 'AD', 'eco', 3),
(825, 'AD', 'eco', 3),
(826, 'A', 'premiere', 3),
(827, 'A', 'premiere', 3),
(828, 'A', 'premiere', 3),
(829, 'A', 'premiere', 3),
(830, 'A', 'premiere', 3),
(831, 'A', 'premiere', 3),
(832, 'A', 'premiere', 3),
(833, 'A', 'premiere', 3),
(834, 'B', 'premiere', 3),
(835, 'B', 'premiere', 3),
(836, 'B', 'premiere', 3),
(837, 'B', 'premiere', 3),
(838, 'B', 'premiere', 3),
(839, 'B', 'premiere', 3),
(840, 'B', 'premiere', 3),
(841, 'C', 'premiere', 3),
(842, 'C', 'premiere', 3),
(843, 'C', 'premiere', 3),
(844, 'C', 'premiere', 3),
(845, 'C', 'premiere', 3),
(846, 'C', 'premiere', 3),
(847, 'C', 'premiere', 3),
(848, 'D', 'premiere', 3),
(849, 'D', 'premiere', 3),
(850, 'D', 'premiere', 3),
(851, 'D', 'premiere', 3),
(852, 'D', 'premiere', 3),
(853, 'D', 'premiere', 3),
(854, 'D', 'premiere', 3),
(855, 'D', 'premiere', 3);

-- --------------------------------------------------------

--
-- Structure de la table `siegedispo`
--

DROP TABLE IF EXISTS `siegedispo`;
CREATE TABLE IF NOT EXISTS `siegedispo` (
  `code_siege` int(11) NOT NULL,
  `num_vol` int(11) NOT NULL,
  `disponibilite` varchar(256) NOT NULL DEFAULT 'dispo',
  PRIMARY KEY (`code_siege`,`num_vol`) USING BTREE,
  KEY `num_vol` (`num_vol`),
  KEY `code_siege` (`code_siege`)
) ENGINE=InnoDB DEFAULT CHARSET=latin1;

--
-- Déchargement des données de la table `siegedispo`
--

INSERT INTO `siegedispo` (`code_siege`, `num_vol`, `disponibilite`) VALUES
(1, 7, 'dispo'),
(1, 13, 'dispo'),
(1, 21, 'dispo'),
(1, 22, 'dispo'),
(1, 24, 'dispo'),
(1, 26, 'dispo'),
(1, 27, 'dispo'),
(1, 28, 'dispo'),
(2, 7, 'dispo'),
(2, 13, 'dispo'),
(2, 21, 'dispo'),
(2, 22, 'dispo'),
(2, 24, 'dispo'),
(2, 26, 'dispo'),
(2, 27, 'dispo'),
(2, 28, 'dispo'),
(3, 7, 'dispo'),
(3, 13, 'dispo'),
(3, 21, 'dispo'),
(3, 22, 'dispo'),
(3, 24, 'dispo'),
(3, 26, 'dispo'),
(3, 27, 'dispo'),
(3, 28, 'dispo'),
(4, 7, 'dispo'),
(4, 13, 'dispo'),
(4, 21, 'dispo'),
(4, 22, 'dispo'),
(4, 24, 'dispo'),
(4, 26, 'dispo'),
(4, 27, 'dispo'),
(4, 28, 'dispo'),
(5, 7, 'dispo'),
(5, 13, 'dispo'),
(5, 21, 'dispo'),
(5, 22, 'dispo'),
(5, 24, 'dispo'),
(5, 26, 'dispo'),
(5, 27, 'dispo'),
(5, 28, 'dispo'),
(6, 7, 'dispo'),
(6, 13, 'dispo'),
(6, 21, 'dispo'),
(6, 22, 'dispo'),
(6, 24, 'dispo'),
(6, 26, 'dispo'),
(6, 27, 'dispo'),
(6, 28, 'dispo'),
(7, 7, 'dispo'),
(7, 13, 'dispo'),
(7, 21, 'dispo'),
(7, 22, 'dispo'),
(7, 24, 'dispo'),
(7, 26, 'dispo'),
(7, 27, 'dispo'),
(7, 28, 'dispo'),
(8, 7, 'dispo'),
(8, 13, 'dispo'),
(8, 21, 'dispo'),
(8, 22, 'dispo'),
(8, 24, 'dispo'),
(8, 26, 'dispo'),
(8, 27, 'dispo'),
(8, 28, 'dispo'),
(9, 7, 'dispo'),
(9, 13, 'dispo'),
(9, 21, 'dispo'),
(9, 22, 'dispo'),
(9, 24, 'dispo'),
(9, 26, 'dispo'),
(9, 27, 'dispo'),
(9, 28, 'dispo'),
(10, 7, 'dispo'),
(10, 13, 'dispo'),
(10, 21, 'dispo'),
(10, 22, 'dispo'),
(10, 24, 'dispo'),
(10, 26, 'dispo'),
(10, 27, 'dispo'),
(10, 28, 'dispo'),
(11, 7, 'dispo'),
(11, 13, 'dispo'),
(11, 21, 'dispo'),
(11, 22, 'dispo'),
(11, 24, 'dispo'),
(11, 26, 'dispo'),
(11, 27, 'dispo'),
(11, 28, 'dispo'),
(12, 7, 'dispo'),
(12, 13, 'dispo'),
(12, 21, 'dispo'),
(12, 22, 'dispo'),
(12, 24, 'dispo'),
(12, 26, 'dispo'),
(12, 27, 'dispo'),
(12, 28, 'dispo'),
(13, 7, 'dispo'),
(13, 13, 'dispo'),
(13, 21, 'dispo'),
(13, 22, 'dispo'),
(13, 24, 'dispo'),
(13, 26, 'dispo'),
(13, 27, 'dispo'),
(13, 28, 'dispo'),
(14, 7, 'dispo'),
(14, 13, 'dispo'),
(14, 21, 'dispo'),
(14, 22, 'dispo'),
(14, 24, 'dispo'),
(14, 26, 'dispo'),
(14, 27, 'dispo'),
(14, 28, 'dispo'),
(15, 7, 'dispo'),
(15, 13, 'dispo'),
(15, 21, 'dispo'),
(15, 22, 'dispo'),
(15, 24, 'dispo'),
(15, 26, 'dispo'),
(15, 27, 'dispo'),
(15, 28, 'dispo'),
(16, 7, 'dispo'),
(16, 13, 'dispo'),
(16, 21, 'dispo'),
(16, 22, 'dispo'),
(16, 24, 'dispo'),
(16, 26, 'dispo'),
(16, 27, 'dispo'),
(16, 28, 'dispo'),
(17, 7, 'dispo'),
(17, 13, 'dispo'),
(17, 21, 'dispo'),
(17, 22, 'dispo'),
(17, 24, 'dispo'),
(17, 26, 'dispo'),
(17, 27, 'dispo'),
(17, 28, 'dispo'),
(18, 7, 'dispo'),
(18, 13, 'dispo'),
(18, 21, 'dispo'),
(18, 22, 'dispo'),
(18, 24, 'dispo'),
(18, 26, 'dispo'),
(18, 27, 'dispo'),
(18, 28, 'dispo'),
(19, 7, 'dispo'),
(19, 13, 'dispo'),
(19, 21, 'dispo'),
(19, 22, 'dispo'),
(19, 24, 'dispo'),
(19, 26, 'dispo'),
(19, 27, 'dispo'),
(19, 28, 'dispo'),
(20, 7, 'dispo'),
(20, 13, 'dispo'),
(20, 21, 'dispo'),
(20, 22, 'dispo'),
(20, 24, 'dispo'),
(20, 26, 'dispo'),
(20, 27, 'dispo'),
(20, 28, 'dispo'),
(21, 7, 'dispo'),
(21, 13, 'dispo'),
(21, 21, 'dispo'),
(21, 22, 'dispo'),
(21, 24, 'dispo'),
(21, 26, 'dispo'),
(21, 27, 'dispo'),
(21, 28, 'dispo'),
(22, 7, 'dispo'),
(22, 13, 'dispo'),
(22, 21, 'dispo'),
(22, 22, 'dispo'),
(22, 24, 'dispo'),
(22, 26, 'dispo'),
(22, 27, 'dispo'),
(22, 28, 'dispo'),
(23, 7, 'dispo'),
(23, 13, 'dispo'),
(23, 21, 'dispo'),
(23, 22, 'dispo'),
(23, 24, 'dispo'),
(23, 26, 'dispo'),
(23, 27, 'dispo'),
(23, 28, 'dispo'),
(24, 7, 'dispo'),
(24, 13, 'dispo'),
(24, 21, 'dispo'),
(24, 22, 'dispo'),
(24, 24, 'dispo'),
(24, 26, 'dispo'),
(24, 27, 'dispo'),
(24, 28, 'dispo'),
(25, 7, 'dispo'),
(25, 13, 'dispo'),
(25, 21, 'dispo'),
(25, 22, 'dispo'),
(25, 24, 'dispo'),
(25, 26, 'dispo'),
(25, 27, 'dispo'),
(25, 28, 'dispo'),
(26, 7, 'dispo'),
(26, 13, 'dispo'),
(26, 21, 'dispo'),
(26, 22, 'dispo'),
(26, 24, 'dispo'),
(26, 26, 'dispo'),
(26, 27, 'dispo'),
(26, 28, 'dispo'),
(27, 7, 'dispo'),
(27, 13, 'dispo'),
(27, 21, 'dispo'),
(27, 22, 'dispo'),
(27, 24, 'dispo'),
(27, 26, 'dispo'),
(27, 27, 'dispo'),
(27, 28, 'dispo'),
(28, 7, 'dispo'),
(28, 13, 'dispo'),
(28, 21, 'dispo'),
(28, 22, 'dispo'),
(28, 24, 'dispo'),
(28, 26, 'dispo'),
(28, 27, 'dispo'),
(28, 28, 'dispo'),
(29, 7, 'dispo'),
(29, 13, 'dispo'),
(29, 21, 'dispo'),
(29, 22, 'dispo'),
(29, 24, 'dispo'),
(29, 26, 'dispo'),
(29, 27, 'dispo'),
(29, 28, 'dispo'),
(30, 7, 'dispo'),
(30, 13, 'dispo'),
(30, 21, 'dispo'),
(30, 22, 'dispo'),
(30, 24, 'dispo'),
(30, 26, 'dispo'),
(30, 27, 'dispo'),
(30, 28, 'dispo'),
(31, 7, 'dispo'),
(31, 13, 'dispo'),
(31, 21, 'dispo'),
(31, 22, 'dispo'),
(31, 24, 'dispo'),
(31, 26, 'dispo'),
(31, 27, 'dispo'),
(31, 28, 'dispo'),
(32, 7, 'dispo'),
(32, 13, 'dispo'),
(32, 21, 'dispo'),
(32, 22, 'dispo'),
(32, 24, 'dispo'),
(32, 26, 'dispo'),
(32, 27, 'dispo'),
(32, 28, 'dispo'),
(33, 7, 'dispo'),
(33, 13, 'dispo'),
(33, 21, 'dispo'),
(33, 22, 'dispo'),
(33, 24, 'dispo'),
(33, 26, 'dispo'),
(33, 27, 'dispo'),
(33, 28, 'dispo'),
(34, 7, 'dispo'),
(34, 13, 'dispo'),
(34, 21, 'dispo'),
(34, 22, 'dispo'),
(34, 24, 'dispo'),
(34, 26, 'dispo'),
(34, 27, 'dispo'),
(34, 28, 'dispo'),
(35, 7, 'dispo'),
(35, 13, 'dispo'),
(35, 21, 'dispo'),
(35, 22, 'dispo'),
(35, 24, 'dispo'),
(35, 26, 'dispo'),
(35, 27, 'dispo'),
(35, 28, 'dispo'),
(36, 7, 'dispo'),
(36, 13, 'dispo'),
(36, 21, 'dispo'),
(36, 22, 'dispo'),
(36, 24, 'dispo'),
(36, 26, 'dispo'),
(36, 27, 'dispo'),
(36, 28, 'dispo'),
(37, 7, 'dispo'),
(37, 13, 'dispo'),
(37, 21, 'dispo'),
(37, 22, 'dispo'),
(37, 24, 'dispo'),
(37, 26, 'dispo'),
(37, 27, 'dispo'),
(37, 28, 'dispo'),
(38, 7, 'dispo'),
(38, 13, 'dispo'),
(38, 21, 'dispo'),
(38, 22, 'dispo'),
(38, 24, 'dispo'),
(38, 26, 'dispo'),
(38, 27, 'dispo'),
(38, 28, 'dispo'),
(39, 7, 'dispo'),
(39, 13, 'dispo'),
(39, 21, 'dispo'),
(39, 22, 'dispo'),
(39, 24, 'dispo'),
(39, 26, 'dispo'),
(39, 27, 'dispo'),
(39, 28, 'dispo'),
(40, 7, 'dispo'),
(40, 13, 'dispo'),
(40, 21, 'dispo'),
(40, 22, 'dispo'),
(40, 24, 'dispo'),
(40, 26, 'dispo'),
(40, 27, 'dispo'),
(40, 28, 'dispo'),
(41, 7, 'dispo'),
(41, 13, 'dispo'),
(41, 21, 'dispo'),
(41, 22, 'dispo'),
(41, 24, 'dispo'),
(41, 26, 'dispo'),
(41, 27, 'dispo'),
(41, 28, 'dispo'),
(42, 7, 'dispo'),
(42, 13, 'dispo'),
(42, 21, 'dispo'),
(42, 22, 'dispo'),
(42, 24, 'dispo'),
(42, 26, 'dispo'),
(42, 27, 'dispo'),
(42, 28, 'dispo'),
(43, 7, 'dispo'),
(43, 13, 'dispo'),
(43, 21, 'dispo'),
(43, 22, 'dispo'),
(43, 24, 'dispo'),
(43, 26, 'dispo'),
(43, 27, 'dispo'),
(43, 28, 'dispo'),
(44, 7, 'dispo'),
(44, 13, 'dispo'),
(44, 21, 'dispo'),
(44, 22, 'dispo'),
(44, 24, 'dispo'),
(44, 26, 'dispo'),
(44, 27, 'dispo'),
(44, 28, 'dispo'),
(45, 7, 'dispo'),
(45, 13, 'dispo'),
(45, 21, 'dispo'),
(45, 22, 'dispo'),
(45, 24, 'dispo'),
(45, 26, 'dispo'),
(45, 27, 'dispo'),
(45, 28, 'dispo'),
(46, 7, 'dispo'),
(46, 13, 'dispo'),
(46, 21, 'dispo'),
(46, 22, 'dispo'),
(46, 24, 'dispo'),
(46, 26, 'dispo'),
(46, 27, 'dispo'),
(46, 28, 'dispo'),
(47, 7, 'dispo'),
(47, 13, 'dispo'),
(47, 21, 'dispo'),
(47, 22, 'dispo'),
(47, 24, 'dispo'),
(47, 26, 'dispo'),
(47, 27, 'dispo'),
(47, 28, 'dispo'),
(48, 7, 'dispo'),
(48, 13, 'dispo'),
(48, 21, 'dispo'),
(48, 22, 'dispo'),
(48, 24, 'dispo'),
(48, 26, 'dispo'),
(48, 27, 'dispo'),
(48, 28, 'dispo'),
(49, 7, 'dispo'),
(49, 13, 'dispo'),
(49, 21, 'dispo'),
(49, 22, 'dispo'),
(49, 24, 'dispo'),
(49, 26, 'dispo'),
(49, 27, 'dispo'),
(49, 28, 'dispo'),
(50, 7, 'dispo'),
(50, 13, 'dispo'),
(50, 21, 'dispo'),
(50, 22, 'dispo'),
(50, 24, 'dispo'),
(50, 26, 'dispo'),
(50, 27, 'dispo'),
(50, 28, 'dispo'),
(51, 7, 'dispo'),
(51, 13, 'dispo'),
(51, 21, 'dispo'),
(51, 22, 'dispo'),
(51, 24, 'dispo'),
(51, 26, 'dispo'),
(51, 27, 'dispo'),
(51, 28, 'dispo'),
(52, 7, 'dispo'),
(52, 13, 'dispo'),
(52, 21, 'dispo'),
(52, 22, 'dispo'),
(52, 24, 'dispo'),
(52, 26, 'dispo'),
(52, 27, 'dispo'),
(52, 28, 'dispo'),
(53, 7, 'dispo'),
(53, 13, 'dispo'),
(53, 21, 'dispo'),
(53, 22, 'dispo'),
(53, 24, 'dispo'),
(53, 26, 'dispo'),
(53, 27, 'dispo'),
(53, 28, 'dispo'),
(54, 7, 'dispo'),
(54, 13, 'dispo'),
(54, 21, 'dispo'),
(54, 22, 'dispo'),
(54, 24, 'dispo'),
(54, 26, 'dispo'),
(54, 27, 'dispo'),
(54, 28, 'dispo'),
(55, 7, 'dispo'),
(55, 13, 'dispo'),
(55, 21, 'dispo'),
(55, 22, 'dispo'),
(55, 24, 'dispo'),
(55, 26, 'dispo'),
(55, 27, 'dispo'),
(55, 28, 'dispo'),
(56, 7, 'dispo'),
(56, 13, 'dispo'),
(56, 21, 'dispo'),
(56, 22, 'dispo'),
(56, 24, 'dispo'),
(56, 26, 'dispo'),
(56, 27, 'dispo'),
(56, 28, 'dispo'),
(57, 7, 'dispo'),
(57, 13, 'dispo'),
(57, 21, 'dispo'),
(57, 22, 'dispo'),
(57, 24, 'dispo'),
(57, 26, 'dispo'),
(57, 27, 'dispo'),
(57, 28, 'dispo'),
(58, 7, 'dispo'),
(58, 13, 'dispo'),
(58, 21, 'dispo'),
(58, 22, 'dispo'),
(58, 24, 'dispo'),
(58, 26, 'dispo'),
(58, 27, 'dispo'),
(58, 28, 'dispo'),
(59, 7, 'dispo'),
(59, 13, 'dispo'),
(59, 21, 'dispo'),
(59, 22, 'dispo'),
(59, 24, 'dispo'),
(59, 26, 'dispo'),
(59, 27, 'dispo'),
(59, 28, 'dispo'),
(60, 7, 'dispo'),
(60, 13, 'dispo'),
(60, 21, 'dispo'),
(60, 22, 'dispo'),
(60, 24, 'dispo'),
(60, 26, 'dispo'),
(60, 27, 'dispo'),
(60, 28, 'dispo'),
(61, 7, 'dispo'),
(61, 13, 'dispo'),
(61, 21, 'dispo'),
(61, 22, 'dispo'),
(61, 24, 'dispo'),
(61, 26, 'dispo'),
(61, 27, 'dispo'),
(61, 28, 'dispo'),
(62, 7, 'dispo'),
(62, 13, 'dispo'),
(62, 21, 'dispo'),
(62, 22, 'dispo'),
(62, 24, 'dispo'),
(62, 26, 'dispo'),
(62, 27, 'dispo'),
(62, 28, 'dispo'),
(63, 7, 'dispo'),
(63, 13, 'dispo'),
(63, 21, 'dispo'),
(63, 22, 'dispo'),
(63, 24, 'dispo'),
(63, 26, 'dispo'),
(63, 27, 'dispo'),
(63, 28, 'dispo'),
(64, 7, 'dispo'),
(64, 13, 'dispo'),
(64, 21, 'dispo'),
(64, 22, 'dispo'),
(64, 24, 'dispo'),
(64, 26, 'dispo'),
(64, 27, 'dispo'),
(64, 28, 'dispo'),
(65, 7, 'dispo'),
(65, 13, 'dispo'),
(65, 21, 'dispo'),
(65, 22, 'dispo'),
(65, 24, 'dispo'),
(65, 26, 'dispo'),
(65, 27, 'dispo'),
(65, 28, 'dispo'),
(66, 7, 'dispo'),
(66, 13, 'dispo'),
(66, 21, 'dispo'),
(66, 22, 'dispo'),
(66, 24, 'dispo'),
(66, 26, 'dispo'),
(66, 27, 'dispo'),
(66, 28, 'dispo'),
(67, 7, 'dispo'),
(67, 13, 'dispo'),
(67, 21, 'dispo'),
(67, 22, 'dispo'),
(67, 24, 'dispo'),
(67, 26, 'dispo'),
(67, 27, 'dispo'),
(67, 28, 'dispo'),
(68, 7, 'dispo'),
(68, 13, 'dispo'),
(68, 21, 'dispo'),
(68, 22, 'dispo'),
(68, 24, 'dispo'),
(68, 26, 'dispo'),
(68, 27, 'dispo'),
(68, 28, 'dispo'),
(69, 7, 'dispo'),
(69, 13, 'dispo'),
(69, 21, 'dispo'),
(69, 22, 'dispo'),
(69, 24, 'dispo'),
(69, 26, 'dispo'),
(69, 27, 'dispo'),
(69, 28, 'dispo'),
(70, 7, 'dispo'),
(70, 13, 'dispo'),
(70, 21, 'dispo'),
(70, 22, 'dispo'),
(70, 24, 'dispo'),
(70, 26, 'dispo'),
(70, 27, 'dispo'),
(70, 28, 'dispo'),
(71, 7, 'dispo'),
(71, 13, 'dispo'),
(71, 21, 'dispo'),
(71, 22, 'dispo'),
(71, 24, 'dispo'),
(71, 26, 'dispo'),
(71, 27, 'dispo'),
(71, 28, 'dispo'),
(72, 7, 'dispo'),
(72, 13, 'dispo'),
(72, 21, 'dispo'),
(72, 22, 'dispo'),
(72, 24, 'dispo'),
(72, 26, 'dispo'),
(72, 27, 'dispo'),
(72, 28, 'dispo'),
(73, 7, 'dispo'),
(73, 13, 'dispo'),
(73, 21, 'dispo'),
(73, 22, 'dispo'),
(73, 24, 'dispo'),
(73, 26, 'dispo'),
(73, 27, 'dispo'),
(73, 28, 'dispo'),
(74, 7, 'dispo'),
(74, 13, 'dispo'),
(74, 21, 'dispo'),
(74, 22, 'dispo'),
(74, 24, 'dispo'),
(74, 26, 'dispo'),
(74, 27, 'dispo'),
(74, 28, 'dispo'),
(75, 7, 'dispo'),
(75, 13, 'dispo'),
(75, 21, 'dispo'),
(75, 22, 'dispo'),
(75, 24, 'dispo'),
(75, 26, 'dispo'),
(75, 27, 'dispo'),
(75, 28, 'dispo'),
(76, 7, 'dispo'),
(76, 13, 'dispo'),
(76, 21, 'dispo'),
(76, 22, 'dispo'),
(76, 24, 'dispo'),
(76, 26, 'dispo'),
(76, 27, 'dispo'),
(76, 28, 'dispo'),
(77, 7, 'dispo'),
(77, 13, 'dispo'),
(77, 21, 'dispo'),
(77, 22, 'dispo'),
(77, 24, 'dispo'),
(77, 26, 'dispo'),
(77, 27, 'dispo'),
(77, 28, 'dispo'),
(78, 7, 'dispo'),
(78, 13, 'dispo'),
(78, 21, 'dispo'),
(78, 22, 'dispo'),
(78, 24, 'dispo'),
(78, 26, 'dispo'),
(78, 27, 'dispo'),
(78, 28, 'dispo'),
(79, 7, 'dispo'),
(79, 13, 'dispo'),
(79, 21, 'dispo'),
(79, 22, 'dispo'),
(79, 24, 'dispo'),
(79, 26, 'dispo'),
(79, 27, 'dispo'),
(79, 28, 'dispo'),
(80, 7, 'dispo'),
(80, 13, 'dispo'),
(80, 21, 'dispo'),
(80, 22, 'dispo'),
(80, 24, 'dispo'),
(80, 26, 'dispo'),
(80, 27, 'dispo'),
(80, 28, 'dispo'),
(81, 7, 'dispo'),
(81, 13, 'dispo'),
(81, 21, 'dispo'),
(81, 22, 'dispo'),
(81, 24, 'dispo'),
(81, 26, 'dispo'),
(81, 27, 'dispo'),
(81, 28, 'dispo'),
(82, 7, 'dispo'),
(82, 13, 'dispo'),
(82, 21, 'dispo'),
(82, 22, 'dispo'),
(82, 24, 'dispo'),
(82, 26, 'dispo'),
(82, 27, 'dispo'),
(82, 28, 'dispo'),
(83, 7, 'dispo'),
(83, 13, 'dispo'),
(83, 21, 'dispo'),
(83, 22, 'dispo'),
(83, 24, 'dispo'),
(83, 26, 'dispo'),
(83, 27, 'dispo'),
(83, 28, 'dispo'),
(84, 7, 'dispo'),
(84, 13, 'dispo'),
(84, 21, 'dispo'),
(84, 22, 'dispo'),
(84, 24, 'dispo'),
(84, 26, 'dispo'),
(84, 27, 'dispo'),
(84, 28, 'dispo'),
(85, 7, 'dispo'),
(85, 13, 'dispo'),
(85, 21, 'dispo'),
(85, 22, 'dispo'),
(85, 24, 'dispo'),
(85, 26, 'dispo'),
(85, 27, 'dispo'),
(85, 28, 'dispo'),
(86, 7, 'dispo'),
(86, 13, 'dispo'),
(86, 21, 'dispo'),
(86, 22, 'dispo'),
(86, 24, 'dispo'),
(86, 26, 'dispo'),
(86, 27, 'dispo'),
(86, 28, 'dispo'),
(87, 7, 'dispo'),
(87, 13, 'dispo'),
(87, 21, 'dispo'),
(87, 22, 'dispo'),
(87, 24, 'dispo'),
(87, 26, 'dispo'),
(87, 27, 'dispo'),
(87, 28, 'dispo'),
(88, 7, 'dispo'),
(88, 13, 'dispo'),
(88, 21, 'dispo'),
(88, 22, 'dispo'),
(88, 24, 'dispo'),
(88, 26, 'dispo'),
(88, 27, 'dispo'),
(88, 28, 'dispo'),
(89, 7, 'dispo'),
(89, 13, 'dispo'),
(89, 21, 'dispo'),
(89, 22, 'dispo'),
(89, 24, 'dispo'),
(89, 26, 'dispo'),
(89, 27, 'dispo'),
(89, 28, 'dispo'),
(90, 7, 'dispo'),
(90, 13, 'dispo'),
(90, 21, 'dispo'),
(90, 22, 'dispo'),
(90, 24, 'dispo'),
(90, 26, 'dispo'),
(90, 27, 'dispo'),
(90, 28, 'dispo'),
(91, 7, 'dispo'),
(91, 13, 'dispo'),
(91, 21, 'dispo'),
(91, 22, 'dispo'),
(91, 24, 'dispo'),
(91, 26, 'dispo'),
(91, 27, 'dispo'),
(91, 28, 'dispo'),
(92, 7, 'dispo'),
(92, 13, 'dispo'),
(92, 21, 'dispo'),
(92, 22, 'dispo'),
(92, 24, 'dispo'),
(92, 26, 'dispo'),
(92, 27, 'dispo'),
(92, 28, 'dispo'),
(93, 7, 'dispo'),
(93, 13, 'dispo'),
(93, 21, 'dispo'),
(93, 22, 'dispo'),
(93, 24, 'dispo'),
(93, 26, 'dispo'),
(93, 27, 'dispo'),
(93, 28, 'dispo'),
(94, 7, 'dispo'),
(94, 13, 'dispo'),
(94, 21, 'dispo'),
(94, 22, 'dispo'),
(94, 24, 'dispo'),
(94, 26, 'dispo'),
(94, 27, 'dispo'),
(94, 28, 'dispo'),
(95, 7, 'dispo'),
(95, 13, 'dispo'),
(95, 21, 'dispo'),
(95, 22, 'dispo'),
(95, 24, 'dispo'),
(95, 26, 'dispo'),
(95, 27, 'dispo'),
(95, 28, 'dispo'),
(96, 7, 'dispo'),
(96, 13, 'dispo'),
(96, 21, 'dispo'),
(96, 22, 'dispo'),
(96, 24, 'dispo'),
(96, 26, 'dispo'),
(96, 27, 'dispo'),
(96, 28, 'dispo'),
(97, 7, 'dispo'),
(97, 13, 'dispo'),
(97, 21, 'dispo'),
(97, 22, 'dispo'),
(97, 24, 'dispo'),
(97, 26, 'dispo'),
(97, 27, 'dispo'),
(97, 28, 'dispo'),
(98, 7, 'dispo'),
(98, 13, 'dispo'),
(98, 21, 'dispo'),
(98, 22, 'dispo'),
(98, 24, 'dispo'),
(98, 26, 'dispo'),
(98, 27, 'dispo'),
(98, 28, 'dispo'),
(99, 7, 'dispo'),
(99, 13, 'dispo'),
(99, 21, 'dispo'),
(99, 22, 'dispo'),
(99, 24, 'dispo'),
(99, 26, 'dispo'),
(99, 27, 'dispo'),
(99, 28, 'dispo'),
(100, 7, 'dispo'),
(100, 13, 'dispo'),
(100, 21, 'dispo'),
(100, 22, 'dispo'),
(100, 24, 'dispo'),
(100, 26, 'dispo'),
(100, 27, 'dispo'),
(100, 28, 'dispo'),
(101, 7, 'dispo'),
(101, 13, 'dispo'),
(101, 21, 'dispo'),
(101, 22, 'dispo'),
(101, 24, 'dispo'),
(101, 26, 'dispo'),
(101, 27, 'dispo'),
(101, 28, 'dispo'),
(102, 7, 'dispo'),
(102, 13, 'dispo'),
(102, 21, 'dispo'),
(102, 22, 'dispo'),
(102, 24, 'dispo'),
(102, 26, 'dispo'),
(102, 27, 'dispo'),
(102, 28, 'dispo'),
(103, 7, 'dispo'),
(103, 13, 'dispo'),
(103, 21, 'dispo'),
(103, 22, 'dispo'),
(103, 24, 'dispo'),
(103, 26, 'dispo'),
(103, 27, 'dispo'),
(103, 28, 'dispo'),
(104, 7, 'dispo'),
(104, 13, 'dispo'),
(104, 21, 'dispo'),
(104, 22, 'dispo'),
(104, 24, 'dispo'),
(104, 26, 'dispo'),
(104, 27, 'dispo'),
(104, 28, 'dispo'),
(105, 7, 'dispo'),
(105, 13, 'dispo'),
(105, 21, 'dispo'),
(105, 22, 'dispo'),
(105, 24, 'dispo'),
(105, 26, 'dispo'),
(105, 27, 'dispo'),
(105, 28, 'dispo'),
(106, 7, 'dispo'),
(106, 13, 'dispo'),
(106, 21, 'dispo'),
(106, 22, 'dispo'),
(106, 24, 'dispo'),
(106, 26, 'dispo'),
(106, 27, 'dispo'),
(106, 28, 'dispo'),
(107, 7, 'dispo'),
(107, 13, 'dispo'),
(107, 21, 'dispo'),
(107, 22, 'dispo'),
(107, 24, 'dispo'),
(107, 26, 'dispo'),
(107, 27, 'dispo'),
(107, 28, 'dispo'),
(108, 7, 'dispo'),
(108, 13, 'dispo'),
(108, 21, 'dispo'),
(108, 22, 'dispo'),
(108, 24, 'dispo'),
(108, 26, 'dispo'),
(108, 27, 'dispo'),
(108, 28, 'dispo'),
(109, 7, 'dispo'),
(109, 13, 'dispo'),
(109, 21, 'dispo'),
(109, 22, 'dispo'),
(109, 24, 'dispo'),
(109, 26, 'dispo'),
(109, 27, 'dispo'),
(109, 28, 'dispo'),
(110, 7, 'dispo'),
(110, 13, 'dispo'),
(110, 21, 'dispo'),
(110, 22, 'dispo'),
(110, 24, 'dispo'),
(110, 26, 'dispo'),
(110, 27, 'dispo'),
(110, 28, 'dispo'),
(111, 7, 'dispo'),
(111, 13, 'dispo'),
(111, 21, 'dispo'),
(111, 22, 'dispo'),
(111, 24, 'dispo'),
(111, 26, 'dispo'),
(111, 27, 'dispo'),
(111, 28, 'dispo'),
(112, 7, 'dispo'),
(112, 13, 'dispo'),
(112, 21, 'dispo'),
(112, 22, 'dispo'),
(112, 24, 'dispo'),
(112, 26, 'dispo'),
(112, 27, 'dispo'),
(112, 28, 'dispo'),
(113, 7, 'dispo'),
(113, 13, 'dispo'),
(113, 21, 'dispo'),
(113, 22, 'dispo'),
(113, 24, 'dispo'),
(113, 26, 'dispo'),
(113, 27, 'dispo'),
(113, 28, 'dispo'),
(114, 7, 'dispo'),
(114, 13, 'dispo'),
(114, 21, 'dispo'),
(114, 22, 'dispo'),
(114, 24, 'dispo'),
(114, 26, 'dispo'),
(114, 27, 'dispo'),
(114, 28, 'dispo'),
(115, 7, 'dispo'),
(115, 13, 'dispo'),
(115, 21, 'dispo'),
(115, 22, 'dispo'),
(115, 24, 'dispo'),
(115, 26, 'dispo'),
(115, 27, 'dispo'),
(115, 28, 'dispo'),
(116, 7, 'dispo'),
(116, 13, 'dispo'),
(116, 21, 'dispo'),
(116, 22, 'dispo'),
(116, 24, 'dispo'),
(116, 26, 'dispo'),
(116, 27, 'dispo'),
(116, 28, 'dispo'),
(117, 7, 'dispo'),
(117, 13, 'dispo'),
(117, 21, 'dispo'),
(117, 22, 'dispo'),
(117, 24, 'dispo'),
(117, 26, 'dispo'),
(117, 27, 'dispo'),
(117, 28, 'dispo'),
(118, 7, 'dispo'),
(118, 13, 'dispo'),
(118, 21, 'dispo'),
(118, 22, 'dispo'),
(118, 24, 'dispo'),
(118, 26, 'dispo'),
(118, 27, 'dispo'),
(118, 28, 'dispo'),
(119, 7, 'dispo'),
(119, 13, 'dispo'),
(119, 21, 'dispo'),
(119, 22, 'dispo'),
(119, 24, 'dispo'),
(119, 26, 'dispo'),
(119, 27, 'dispo'),
(119, 28, 'dispo'),
(120, 7, 'dispo'),
(120, 13, 'dispo'),
(120, 21, 'dispo'),
(120, 22, 'dispo'),
(120, 24, 'dispo'),
(120, 26, 'dispo'),
(120, 27, 'dispo'),
(120, 28, 'dispo'),
(121, 7, 'dispo'),
(121, 13, 'dispo'),
(121, 21, 'dispo'),
(121, 22, 'dispo'),
(121, 24, 'dispo'),
(121, 26, 'dispo'),
(121, 27, 'dispo'),
(121, 28, 'dispo'),
(122, 7, 'dispo'),
(122, 13, 'dispo'),
(122, 21, 'dispo'),
(122, 22, 'dispo'),
(122, 24, 'dispo'),
(122, 26, 'dispo'),
(122, 27, 'dispo'),
(122, 28, 'dispo'),
(123, 7, 'dispo'),
(123, 13, 'dispo'),
(123, 21, 'dispo'),
(123, 22, 'dispo'),
(123, 24, 'dispo'),
(123, 26, 'dispo'),
(123, 27, 'dispo'),
(123, 28, 'dispo'),
(124, 7, 'dispo'),
(124, 13, 'dispo'),
(124, 21, 'dispo'),
(124, 22, 'dispo'),
(124, 24, 'dispo'),
(124, 26, 'dispo'),
(124, 27, 'dispo'),
(124, 28, 'dispo'),
(125, 7, 'dispo'),
(125, 13, 'dispo'),
(125, 21, 'dispo'),
(125, 22, 'dispo'),
(125, 24, 'dispo'),
(125, 26, 'dispo'),
(125, 27, 'dispo'),
(125, 28, 'dispo'),
(126, 7, 'dispo'),
(126, 13, 'dispo'),
(126, 21, 'dispo'),
(126, 22, 'dispo'),
(126, 24, 'dispo'),
(126, 26, 'dispo'),
(126, 27, 'dispo'),
(126, 28, 'dispo'),
(127, 7, 'dispo'),
(127, 13, 'dispo'),
(127, 21, 'dispo'),
(127, 22, 'dispo'),
(127, 24, 'dispo'),
(127, 26, 'dispo'),
(127, 27, 'dispo'),
(127, 28, 'dispo'),
(128, 7, 'dispo'),
(128, 13, 'dispo'),
(128, 21, 'dispo'),
(128, 22, 'dispo'),
(128, 24, 'dispo'),
(128, 26, 'dispo'),
(128, 27, 'dispo'),
(128, 28, 'dispo'),
(129, 7, 'dispo'),
(129, 13, 'dispo'),
(129, 21, 'dispo'),
(129, 22, 'dispo'),
(129, 24, 'dispo'),
(129, 26, 'dispo'),
(129, 27, 'dispo'),
(129, 28, 'dispo'),
(130, 7, 'dispo'),
(130, 13, 'dispo'),
(130, 21, 'dispo'),
(130, 22, 'dispo'),
(130, 24, 'dispo'),
(130, 26, 'dispo'),
(130, 27, 'dispo'),
(130, 28, 'dispo'),
(131, 7, 'dispo'),
(131, 13, 'dispo'),
(131, 21, 'dispo'),
(131, 22, 'dispo'),
(131, 24, 'dispo'),
(131, 26, 'dispo'),
(131, 27, 'dispo'),
(131, 28, 'dispo'),
(132, 7, 'dispo'),
(132, 13, 'dispo'),
(132, 21, 'dispo'),
(132, 22, 'dispo'),
(132, 24, 'dispo'),
(132, 26, 'dispo'),
(132, 27, 'dispo'),
(132, 28, 'dispo'),
(133, 7, 'dispo'),
(133, 13, 'dispo'),
(133, 21, 'dispo'),
(133, 22, 'dispo'),
(133, 24, 'dispo'),
(133, 26, 'dispo'),
(133, 27, 'dispo'),
(133, 28, 'dispo'),
(134, 7, 'dispo'),
(134, 13, 'dispo'),
(134, 21, 'dispo'),
(134, 22, 'dispo'),
(134, 24, 'dispo'),
(134, 26, 'dispo'),
(134, 27, 'dispo'),
(134, 28, 'dispo'),
(135, 7, 'dispo'),
(135, 13, 'dispo'),
(135, 21, 'dispo'),
(135, 22, 'dispo'),
(135, 24, 'dispo'),
(135, 26, 'dispo'),
(135, 27, 'dispo'),
(135, 28, 'dispo'),
(136, 7, 'dispo'),
(136, 13, 'dispo'),
(136, 21, 'dispo'),
(136, 22, 'dispo'),
(136, 24, 'dispo'),
(136, 26, 'dispo'),
(136, 27, 'dispo'),
(136, 28, 'dispo'),
(137, 7, 'dispo'),
(137, 13, 'dispo'),
(137, 21, 'dispo'),
(137, 22, 'dispo'),
(137, 24, 'dispo'),
(137, 26, 'dispo'),
(137, 27, 'dispo'),
(137, 28, 'dispo'),
(138, 7, 'dispo'),
(138, 13, 'dispo'),
(138, 21, 'dispo'),
(138, 22, 'dispo'),
(138, 24, 'dispo'),
(138, 26, 'dispo'),
(138, 27, 'dispo'),
(138, 28, 'dispo'),
(139, 7, 'dispo'),
(139, 13, 'dispo'),
(139, 21, 'dispo'),
(139, 22, 'dispo'),
(139, 24, 'dispo'),
(139, 26, 'dispo'),
(139, 27, 'dispo'),
(139, 28, 'dispo'),
(140, 7, 'dispo'),
(140, 13, 'dispo'),
(140, 21, 'dispo'),
(140, 22, 'dispo'),
(140, 24, 'dispo'),
(140, 26, 'dispo'),
(140, 27, 'dispo'),
(140, 28, 'dispo'),
(141, 7, 'dispo'),
(141, 13, 'dispo'),
(141, 21, 'dispo'),
(141, 22, 'dispo'),
(141, 24, 'dispo'),
(141, 26, 'dispo'),
(141, 27, 'dispo'),
(141, 28, 'dispo'),
(142, 7, 'dispo'),
(142, 13, 'dispo'),
(142, 21, 'dispo'),
(142, 22, 'dispo'),
(142, 24, 'dispo'),
(142, 26, 'dispo'),
(142, 27, 'dispo'),
(142, 28, 'dispo'),
(143, 7, 'dispo'),
(143, 13, 'dispo'),
(143, 21, 'dispo'),
(143, 22, 'dispo'),
(143, 24, 'dispo'),
(143, 26, 'dispo'),
(143, 27, 'dispo'),
(143, 28, 'dispo'),
(144, 7, 'dispo'),
(144, 13, 'dispo'),
(144, 21, 'dispo'),
(144, 22, 'dispo'),
(144, 24, 'dispo'),
(144, 26, 'dispo'),
(144, 27, 'dispo'),
(144, 28, 'dispo'),
(145, 7, 'dispo'),
(145, 13, 'dispo'),
(145, 21, 'dispo'),
(145, 22, 'dispo'),
(145, 24, 'dispo'),
(145, 26, 'dispo'),
(145, 27, 'dispo'),
(145, 28, 'dispo'),
(146, 7, 'dispo'),
(146, 13, 'dispo'),
(146, 21, 'dispo'),
(146, 22, 'dispo'),
(146, 24, 'dispo'),
(146, 26, 'dispo'),
(146, 27, 'dispo'),
(146, 28, 'dispo'),
(147, 7, 'dispo'),
(147, 13, 'dispo'),
(147, 21, 'dispo'),
(147, 22, 'dispo'),
(147, 24, 'dispo'),
(147, 26, 'dispo'),
(147, 27, 'dispo'),
(147, 28, 'dispo'),
(148, 7, 'dispo'),
(148, 13, 'dispo'),
(148, 21, 'dispo'),
(148, 22, 'dispo'),
(148, 24, 'dispo'),
(148, 26, 'dispo'),
(148, 27, 'dispo'),
(148, 28, 'dispo'),
(149, 7, 'dispo'),
(149, 13, 'dispo'),
(149, 21, 'dispo'),
(149, 22, 'dispo'),
(149, 24, 'dispo'),
(149, 26, 'dispo'),
(149, 27, 'dispo'),
(149, 28, 'dispo'),
(150, 7, 'dispo'),
(150, 13, 'dispo'),
(150, 21, 'dispo'),
(150, 22, 'dispo'),
(150, 24, 'dispo'),
(150, 26, 'dispo'),
(150, 27, 'dispo'),
(150, 28, 'dispo'),
(151, 7, 'dispo'),
(151, 13, 'dispo'),
(151, 21, 'dispo'),
(151, 22, 'dispo'),
(151, 24, 'dispo'),
(151, 26, 'dispo'),
(151, 27, 'dispo'),
(151, 28, 'dispo'),
(152, 7, 'dispo'),
(152, 13, 'dispo'),
(152, 21, 'dispo'),
(152, 22, 'dispo'),
(152, 24, 'dispo'),
(152, 26, 'dispo'),
(152, 27, 'dispo'),
(152, 28, 'dispo'),
(153, 7, 'dispo'),
(153, 13, 'dispo'),
(153, 21, 'dispo'),
(153, 22, 'dispo'),
(153, 24, 'dispo'),
(153, 26, 'dispo'),
(153, 27, 'dispo'),
(153, 28, 'dispo'),
(154, 7, 'dispo'),
(154, 13, 'dispo'),
(154, 21, 'dispo'),
(154, 22, 'dispo'),
(154, 24, 'dispo'),
(154, 26, 'dispo'),
(154, 27, 'dispo'),
(154, 28, 'dispo'),
(155, 7, 'dispo'),
(155, 13, 'dispo'),
(155, 21, 'dispo'),
(155, 22, 'dispo'),
(155, 24, 'dispo'),
(155, 26, 'dispo'),
(155, 27, 'dispo'),
(155, 28, 'dispo'),
(156, 7, 'dispo'),
(156, 13, 'dispo'),
(156, 21, 'dispo'),
(156, 22, 'dispo'),
(156, 24, 'dispo'),
(156, 26, 'dispo'),
(156, 27, 'dispo'),
(156, 28, 'dispo'),
(157, 7, 'dispo'),
(157, 13, 'dispo'),
(157, 21, 'dispo'),
(157, 22, 'dispo'),
(157, 24, 'dispo'),
(157, 26, 'dispo'),
(157, 27, 'dispo'),
(157, 28, 'dispo'),
(158, 7, 'dispo'),
(158, 13, 'dispo'),
(158, 21, 'dispo'),
(158, 22, 'dispo'),
(158, 24, 'dispo'),
(158, 26, 'dispo'),
(158, 27, 'dispo'),
(158, 28, 'dispo'),
(159, 7, 'dispo'),
(159, 13, 'dispo'),
(159, 21, 'dispo'),
(159, 22, 'dispo'),
(159, 24, 'dispo'),
(159, 26, 'dispo'),
(159, 27, 'dispo'),
(159, 28, 'dispo'),
(160, 7, 'dispo'),
(160, 13, 'dispo'),
(160, 21, 'dispo'),
(160, 22, 'dispo'),
(160, 24, 'dispo'),
(160, 26, 'dispo'),
(160, 27, 'dispo'),
(160, 28, 'dispo'),
(161, 7, 'dispo'),
(161, 13, 'dispo'),
(161, 21, 'dispo'),
(161, 22, 'dispo'),
(161, 24, 'dispo'),
(161, 26, 'dispo'),
(161, 27, 'dispo'),
(161, 28, 'dispo'),
(162, 7, 'dispo'),
(162, 13, 'dispo'),
(162, 21, 'dispo'),
(162, 22, 'dispo'),
(162, 24, 'dispo'),
(162, 26, 'dispo'),
(162, 27, 'dispo'),
(162, 28, 'dispo'),
(163, 7, 'dispo'),
(163, 13, 'dispo'),
(163, 21, 'dispo'),
(163, 22, 'dispo'),
(163, 24, 'dispo'),
(163, 26, 'dispo'),
(163, 27, 'dispo'),
(163, 28, 'dispo'),
(164, 7, 'dispo'),
(164, 13, 'dispo'),
(164, 21, 'dispo'),
(164, 22, 'dispo'),
(164, 24, 'dispo'),
(164, 26, 'dispo'),
(164, 27, 'dispo'),
(164, 28, 'dispo'),
(165, 7, 'dispo'),
(165, 13, 'dispo'),
(165, 21, 'dispo'),
(165, 22, 'dispo'),
(165, 24, 'dispo'),
(165, 26, 'dispo'),
(165, 27, 'dispo'),
(165, 28, 'dispo'),
(166, 7, 'dispo'),
(166, 13, 'dispo'),
(166, 21, 'dispo'),
(166, 22, 'dispo'),
(166, 24, 'dispo'),
(166, 26, 'dispo'),
(166, 27, 'dispo'),
(166, 28, 'dispo'),
(167, 7, 'dispo'),
(167, 13, 'dispo'),
(167, 21, 'dispo'),
(167, 22, 'dispo'),
(167, 24, 'dispo'),
(167, 26, 'dispo'),
(167, 27, 'dispo'),
(167, 28, 'dispo'),
(168, 7, 'dispo'),
(168, 13, 'dispo'),
(168, 21, 'dispo'),
(168, 22, 'dispo'),
(168, 24, 'dispo'),
(168, 26, 'dispo'),
(168, 27, 'dispo'),
(168, 28, 'dispo'),
(169, 7, 'dispo'),
(169, 13, 'dispo'),
(169, 21, 'dispo'),
(169, 22, 'dispo'),
(169, 24, 'dispo'),
(169, 26, 'dispo'),
(169, 27, 'dispo'),
(169, 28, 'dispo'),
(170, 7, 'dispo'),
(170, 13, 'dispo'),
(170, 21, 'dispo'),
(170, 22, 'dispo'),
(170, 24, 'dispo'),
(170, 26, 'dispo'),
(170, 27, 'dispo'),
(170, 28, 'dispo'),
(171, 7, 'dispo'),
(171, 13, 'dispo'),
(171, 21, 'dispo'),
(171, 22, 'dispo'),
(171, 24, 'dispo'),
(171, 26, 'dispo'),
(171, 27, 'dispo'),
(171, 28, 'dispo'),
(172, 7, 'dispo'),
(172, 13, 'dispo'),
(172, 21, 'dispo'),
(172, 22, 'dispo'),
(172, 24, 'dispo'),
(172, 26, 'dispo'),
(172, 27, 'dispo'),
(172, 28, 'dispo'),
(173, 7, 'dispo'),
(173, 13, 'dispo'),
(173, 21, 'dispo'),
(173, 22, 'dispo'),
(173, 24, 'dispo'),
(173, 26, 'dispo'),
(173, 27, 'dispo'),
(173, 28, 'dispo'),
(174, 7, 'dispo'),
(174, 13, 'dispo'),
(174, 21, 'dispo'),
(174, 22, 'dispo'),
(174, 24, 'dispo'),
(174, 26, 'dispo'),
(174, 27, 'dispo'),
(174, 28, 'dispo'),
(175, 7, 'dispo'),
(175, 13, 'dispo'),
(175, 21, 'dispo'),
(175, 22, 'dispo'),
(175, 24, 'dispo'),
(175, 26, 'dispo'),
(175, 27, 'dispo'),
(175, 28, 'dispo'),
(176, 7, 'dispo'),
(176, 13, 'dispo'),
(176, 21, 'dispo'),
(176, 22, 'dispo'),
(176, 24, 'dispo'),
(176, 26, 'dispo'),
(176, 27, 'dispo'),
(176, 28, 'dispo'),
(177, 7, 'dispo'),
(177, 13, 'dispo'),
(177, 21, 'dispo'),
(177, 22, 'dispo'),
(177, 24, 'dispo'),
(177, 26, 'dispo'),
(177, 27, 'dispo'),
(177, 28, 'dispo'),
(178, 7, 'dispo'),
(178, 13, 'dispo'),
(178, 21, 'dispo'),
(178, 22, 'dispo'),
(178, 24, 'dispo'),
(178, 26, 'dispo'),
(178, 27, 'dispo'),
(178, 28, 'dispo'),
(179, 7, 'dispo'),
(179, 13, 'dispo'),
(179, 21, 'dispo'),
(179, 22, 'dispo'),
(179, 24, 'dispo'),
(179, 26, 'dispo'),
(179, 27, 'dispo'),
(179, 28, 'dispo'),
(180, 7, 'dispo'),
(180, 13, 'dispo'),
(180, 21, 'dispo'),
(180, 22, 'dispo'),
(180, 24, 'dispo'),
(180, 26, 'dispo'),
(180, 27, 'dispo'),
(180, 28, 'dispo'),
(181, 7, 'dispo'),
(181, 13, 'dispo'),
(181, 21, 'dispo'),
(181, 22, 'dispo'),
(181, 24, 'dispo'),
(181, 26, 'dispo'),
(181, 27, 'dispo'),
(181, 28, 'dispo'),
(182, 7, 'dispo'),
(182, 13, 'dispo'),
(182, 21, 'dispo'),
(182, 22, 'dispo'),
(182, 24, 'dispo'),
(182, 26, 'dispo'),
(182, 27, 'dispo'),
(182, 28, 'dispo'),
(183, 7, 'dispo'),
(183, 13, 'dispo'),
(183, 21, 'dispo'),
(183, 22, 'dispo'),
(183, 24, 'dispo'),
(183, 26, 'dispo'),
(183, 27, 'dispo'),
(183, 28, 'dispo'),
(184, 7, 'dispo'),
(184, 13, 'dispo'),
(184, 21, 'dispo'),
(184, 22, 'dispo'),
(184, 24, 'dispo'),
(184, 26, 'dispo'),
(184, 27, 'dispo'),
(184, 28, 'dispo'),
(185, 7, 'dispo'),
(185, 13, 'dispo'),
(185, 21, 'dispo'),
(185, 22, 'dispo'),
(185, 24, 'dispo'),
(185, 26, 'dispo'),
(185, 27, 'dispo'),
(185, 28, 'dispo'),
(186, 7, 'dispo'),
(186, 13, 'dispo'),
(186, 21, 'dispo'),
(186, 22, 'dispo'),
(186, 24, 'dispo'),
(186, 26, 'dispo'),
(186, 27, 'dispo'),
(186, 28, 'dispo'),
(187, 7, 'dispo'),
(187, 13, 'dispo'),
(187, 21, 'dispo'),
(187, 22, 'dispo'),
(187, 24, 'dispo'),
(187, 26, 'dispo'),
(187, 27, 'dispo'),
(187, 28, 'dispo'),
(188, 7, 'dispo'),
(188, 13, 'dispo'),
(188, 21, 'dispo'),
(188, 22, 'dispo'),
(188, 24, 'dispo'),
(188, 26, 'dispo'),
(188, 27, 'dispo'),
(188, 28, 'dispo'),
(189, 7, 'dispo'),
(189, 13, 'dispo'),
(189, 21, 'dispo'),
(189, 22, 'dispo'),
(189, 24, 'dispo'),
(189, 26, 'dispo'),
(189, 27, 'dispo'),
(189, 28, 'dispo'),
(190, 7, 'dispo'),
(190, 13, 'dispo'),
(190, 21, 'dispo'),
(190, 22, 'dispo'),
(190, 24, 'dispo'),
(190, 26, 'dispo'),
(190, 27, 'dispo'),
(190, 28, 'dispo'),
(191, 7, 'dispo'),
(191, 13, 'dispo'),
(191, 21, 'dispo'),
(191, 22, 'dispo'),
(191, 24, 'dispo'),
(191, 26, 'dispo'),
(191, 27, 'dispo'),
(191, 28, 'dispo'),
(192, 7, 'dispo'),
(192, 13, 'dispo'),
(192, 21, 'dispo'),
(192, 22, 'dispo'),
(192, 24, 'dispo'),
(192, 26, 'dispo'),
(192, 27, 'dispo'),
(192, 28, 'dispo'),
(193, 7, 'dispo'),
(193, 13, 'dispo'),
(193, 21, 'dispo'),
(193, 22, 'dispo'),
(193, 24, 'dispo'),
(193, 26, 'dispo'),
(193, 27, 'dispo'),
(193, 28, 'dispo'),
(194, 7, 'dispo'),
(194, 13, 'dispo'),
(194, 21, 'dispo'),
(194, 22, 'dispo'),
(194, 24, 'dispo'),
(194, 26, 'dispo'),
(194, 27, 'dispo'),
(194, 28, 'dispo'),
(195, 7, 'dispo'),
(195, 13, 'dispo'),
(195, 21, 'dispo'),
(195, 22, 'dispo'),
(195, 24, 'dispo'),
(195, 26, 'dispo'),
(195, 27, 'dispo'),
(195, 28, 'dispo'),
(196, 7, 'dispo'),
(196, 13, 'dispo'),
(196, 21, 'dispo'),
(196, 22, 'dispo'),
(196, 24, 'dispo'),
(196, 26, 'dispo'),
(196, 27, 'dispo'),
(196, 28, 'dispo'),
(197, 7, 'dispo'),
(197, 13, 'dispo'),
(197, 21, 'dispo'),
(197, 22, 'dispo'),
(197, 24, 'dispo'),
(197, 26, 'dispo'),
(197, 27, 'dispo'),
(197, 28, 'dispo'),
(198, 7, 'dispo'),
(198, 13, 'dispo'),
(198, 21, 'dispo'),
(198, 22, 'dispo'),
(198, 24, 'dispo'),
(198, 26, 'dispo'),
(198, 27, 'dispo'),
(198, 28, 'dispo'),
(199, 7, 'dispo'),
(199, 13, 'dispo'),
(199, 21, 'dispo'),
(199, 22, 'dispo'),
(199, 24, 'dispo'),
(199, 26, 'dispo'),
(199, 27, 'dispo'),
(199, 28, 'dispo'),
(200, 7, 'dispo'),
(200, 13, 'dispo'),
(200, 21, 'dispo'),
(200, 22, 'dispo'),
(200, 24, 'dispo'),
(200, 26, 'dispo'),
(200, 27, 'dispo'),
(200, 28, 'dispo'),
(201, 7, 'dispo'),
(201, 13, 'dispo'),
(201, 21, 'dispo'),
(201, 22, 'dispo'),
(201, 24, 'dispo'),
(201, 26, 'dispo'),
(201, 27, 'dispo'),
(201, 28, 'dispo'),
(202, 7, 'dispo'),
(202, 13, 'dispo'),
(202, 21, 'dispo'),
(202, 22, 'dispo'),
(202, 24, 'dispo'),
(202, 26, 'dispo'),
(202, 27, 'dispo'),
(202, 28, 'dispo'),
(203, 7, 'dispo'),
(203, 13, 'dispo'),
(203, 21, 'dispo'),
(203, 22, 'dispo'),
(203, 24, 'dispo'),
(203, 26, 'dispo'),
(203, 27, 'dispo'),
(203, 28, 'dispo'),
(204, 7, 'dispo'),
(204, 13, 'dispo'),
(204, 21, 'dispo'),
(204, 22, 'dispo'),
(204, 24, 'dispo'),
(204, 26, 'dispo'),
(204, 27, 'dispo'),
(204, 28, 'dispo'),
(205, 7, 'dispo'),
(205, 13, 'dispo'),
(205, 21, 'dispo'),
(205, 22, 'dispo'),
(205, 24, 'dispo'),
(205, 26, 'dispo'),
(205, 27, 'dispo'),
(205, 28, 'dispo'),
(206, 7, 'dispo'),
(206, 13, 'dispo'),
(206, 21, 'dispo'),
(206, 22, 'dispo'),
(206, 24, 'dispo'),
(206, 26, 'dispo'),
(206, 27, 'dispo'),
(206, 28, 'dispo'),
(207, 7, 'dispo'),
(207, 13, 'dispo'),
(207, 21, 'dispo'),
(207, 22, 'dispo'),
(207, 24, 'dispo'),
(207, 26, 'dispo'),
(207, 27, 'dispo'),
(207, 28, 'dispo'),
(208, 7, 'dispo'),
(208, 13, 'dispo'),
(208, 21, 'dispo'),
(208, 22, 'dispo'),
(208, 24, 'dispo'),
(208, 26, 'dispo'),
(208, 27, 'dispo'),
(208, 28, 'dispo'),
(209, 7, 'dispo'),
(209, 13, 'dispo'),
(209, 21, 'dispo'),
(209, 22, 'dispo'),
(209, 24, 'dispo'),
(209, 26, 'dispo'),
(209, 27, 'dispo'),
(209, 28, 'dispo'),
(210, 7, 'dispo'),
(210, 13, 'dispo'),
(210, 21, 'dispo'),
(210, 22, 'dispo'),
(210, 24, 'dispo'),
(210, 26, 'dispo'),
(210, 27, 'dispo'),
(210, 28, 'dispo'),
(211, 7, 'dispo'),
(211, 13, 'dispo'),
(211, 21, 'dispo'),
(211, 22, 'dispo'),
(211, 24, 'dispo'),
(211, 26, 'dispo'),
(211, 27, 'dispo'),
(211, 28, 'dispo'),
(212, 7, 'dispo'),
(212, 13, 'dispo'),
(212, 21, 'dispo'),
(212, 22, 'dispo'),
(212, 24, 'dispo'),
(212, 26, 'dispo'),
(212, 27, 'dispo'),
(212, 28, 'dispo'),
(213, 7, 'dispo'),
(213, 13, 'dispo'),
(213, 21, 'dispo'),
(213, 22, 'dispo'),
(213, 24, 'dispo'),
(213, 26, 'dispo'),
(213, 27, 'dispo'),
(213, 28, 'dispo'),
(214, 7, 'dispo'),
(214, 13, 'dispo'),
(214, 21, 'dispo'),
(214, 22, 'dispo'),
(214, 24, 'dispo'),
(214, 26, 'dispo'),
(214, 27, 'dispo'),
(214, 28, 'dispo'),
(215, 7, 'dispo'),
(215, 13, 'dispo'),
(215, 21, 'dispo'),
(215, 22, 'dispo'),
(215, 24, 'dispo'),
(215, 26, 'dispo'),
(215, 27, 'dispo'),
(215, 28, 'dispo'),
(216, 7, 'dispo'),
(216, 13, 'dispo'),
(216, 21, 'dispo'),
(216, 22, 'dispo'),
(216, 24, 'dispo'),
(216, 26, 'dispo'),
(216, 27, 'dispo'),
(216, 28, 'dispo'),
(217, 7, 'dispo'),
(217, 13, 'dispo'),
(217, 21, 'dispo'),
(217, 22, 'dispo'),
(217, 24, 'dispo'),
(217, 26, 'dispo'),
(217, 27, 'dispo'),
(217, 28, 'dispo'),
(218, 7, 'dispo'),
(218, 13, 'dispo'),
(218, 21, 'dispo'),
(218, 22, 'dispo'),
(218, 24, 'dispo'),
(218, 26, 'dispo'),
(218, 27, 'dispo'),
(218, 28, 'dispo'),
(219, 7, 'dispo'),
(219, 13, 'dispo'),
(219, 21, 'dispo'),
(219, 22, 'dispo'),
(219, 24, 'dispo'),
(219, 26, 'dispo'),
(219, 27, 'dispo'),
(219, 28, 'dispo'),
(220, 7, 'dispo'),
(220, 13, 'dispo'),
(220, 21, 'dispo'),
(220, 22, 'dispo'),
(220, 24, 'dispo'),
(220, 26, 'dispo'),
(220, 27, 'dispo'),
(220, 28, 'dispo'),
(221, 7, 'dispo'),
(221, 13, 'dispo'),
(221, 21, 'dispo'),
(221, 22, 'dispo'),
(221, 24, 'dispo'),
(221, 26, 'dispo'),
(221, 27, 'dispo'),
(221, 28, 'dispo'),
(222, 7, 'dispo'),
(222, 13, 'dispo'),
(222, 21, 'dispo'),
(222, 22, 'dispo'),
(222, 24, 'dispo'),
(222, 26, 'dispo'),
(222, 27, 'dispo'),
(222, 28, 'dispo'),
(223, 7, 'dispo'),
(223, 13, 'dispo'),
(223, 21, 'dispo'),
(223, 22, 'dispo'),
(223, 24, 'dispo'),
(223, 26, 'dispo'),
(223, 27, 'dispo'),
(223, 28, 'dispo'),
(224, 7, 'dispo'),
(224, 13, 'dispo'),
(224, 21, 'dispo'),
(224, 22, 'dispo'),
(224, 24, 'dispo'),
(224, 26, 'dispo'),
(224, 27, 'dispo'),
(224, 28, 'dispo'),
(225, 7, 'dispo'),
(225, 13, 'dispo'),
(225, 21, 'dispo'),
(225, 22, 'dispo'),
(225, 24, 'dispo'),
(225, 26, 'dispo'),
(225, 27, 'dispo'),
(225, 28, 'dispo'),
(226, 7, 'dispo'),
(226, 13, 'dispo'),
(226, 21, 'dispo'),
(226, 22, 'dispo'),
(226, 24, 'dispo'),
(226, 26, 'dispo'),
(226, 27, 'dispo'),
(226, 28, 'dispo'),
(227, 7, 'dispo'),
(227, 13, 'dispo'),
(227, 21, 'dispo'),
(227, 22, 'dispo'),
(227, 24, 'dispo'),
(227, 26, 'dispo'),
(227, 27, 'dispo'),
(227, 28, 'dispo'),
(228, 7, 'dispo'),
(228, 13, 'dispo'),
(228, 21, 'dispo'),
(228, 22, 'dispo'),
(228, 24, 'dispo'),
(228, 26, 'dispo'),
(228, 27, 'dispo'),
(228, 28, 'dispo'),
(229, 7, 'dispo'),
(229, 13, 'dispo'),
(229, 21, 'dispo'),
(229, 22, 'dispo'),
(229, 24, 'dispo'),
(229, 26, 'dispo'),
(229, 27, 'dispo'),
(229, 28, 'dispo'),
(230, 7, 'dispo'),
(230, 13, 'dispo'),
(230, 21, 'dispo'),
(230, 22, 'dispo'),
(230, 24, 'dispo'),
(230, 26, 'dispo'),
(230, 27, 'dispo'),
(230, 28, 'dispo'),
(231, 7, 'dispo'),
(231, 13, 'dispo'),
(231, 21, 'dispo'),
(231, 22, 'dispo'),
(231, 24, 'dispo'),
(231, 26, 'dispo'),
(231, 27, 'dispo'),
(231, 28, 'dispo'),
(232, 7, 'dispo'),
(232, 13, 'dispo'),
(232, 21, 'dispo'),
(232, 22, 'dispo'),
(232, 24, 'dispo'),
(232, 26, 'dispo'),
(232, 27, 'dispo'),
(232, 28, 'dispo'),
(233, 7, 'dispo'),
(233, 13, 'dispo'),
(233, 21, 'dispo'),
(233, 22, 'dispo'),
(233, 24, 'dispo'),
(233, 26, 'dispo'),
(233, 27, 'dispo'),
(233, 28, 'dispo'),
(234, 7, 'dispo'),
(234, 13, 'dispo'),
(234, 21, 'dispo'),
(234, 22, 'dispo'),
(234, 24, 'dispo'),
(234, 26, 'dispo'),
(234, 27, 'dispo'),
(234, 28, 'dispo'),
(235, 7, 'dispo'),
(235, 13, 'dispo'),
(235, 21, 'dispo'),
(235, 22, 'dispo'),
(235, 24, 'dispo'),
(235, 26, 'dispo'),
(235, 27, 'dispo'),
(235, 28, 'dispo'),
(236, 7, 'dispo'),
(236, 13, 'dispo'),
(236, 21, 'dispo'),
(236, 22, 'dispo'),
(236, 24, 'dispo'),
(236, 26, 'dispo'),
(236, 27, 'dispo'),
(236, 28, 'dispo'),
(237, 7, 'dispo'),
(237, 13, 'dispo'),
(237, 21, 'dispo'),
(237, 22, 'dispo'),
(237, 24, 'dispo'),
(237, 26, 'dispo'),
(237, 27, 'dispo'),
(237, 28, 'dispo'),
(238, 7, 'dispo'),
(238, 13, 'dispo'),
(238, 21, 'dispo'),
(238, 22, 'dispo'),
(238, 24, 'dispo'),
(238, 26, 'dispo'),
(238, 27, 'dispo'),
(238, 28, 'dispo'),
(239, 7, 'dispo'),
(239, 13, 'dispo'),
(239, 21, 'dispo'),
(239, 22, 'dispo'),
(239, 24, 'dispo'),
(239, 26, 'dispo'),
(239, 27, 'dispo'),
(239, 28, 'dispo'),
(240, 7, 'dispo'),
(240, 13, 'dispo'),
(240, 21, 'dispo'),
(240, 22, 'dispo'),
(240, 24, 'dispo'),
(240, 26, 'dispo'),
(240, 27, 'dispo'),
(240, 28, 'dispo'),
(241, 7, 'dispo'),
(241, 13, 'dispo'),
(241, 21, 'dispo'),
(241, 22, 'dispo'),
(241, 24, 'dispo'),
(241, 26, 'dispo'),
(241, 27, 'dispo'),
(241, 28, 'dispo'),
(242, 7, 'dispo'),
(242, 13, 'dispo'),
(242, 21, 'dispo'),
(242, 22, 'dispo'),
(242, 24, 'dispo'),
(242, 26, 'dispo'),
(242, 27, 'dispo'),
(242, 28, 'dispo'),
(243, 7, 'dispo'),
(243, 13, 'dispo'),
(243, 21, 'dispo'),
(243, 22, 'dispo'),
(243, 24, 'dispo'),
(243, 26, 'dispo'),
(243, 27, 'dispo'),
(243, 28, 'dispo'),
(244, 7, 'dispo'),
(244, 13, 'dispo'),
(244, 21, 'dispo'),
(244, 22, 'dispo'),
(244, 24, 'dispo'),
(244, 26, 'dispo'),
(244, 27, 'dispo'),
(244, 28, 'dispo'),
(245, 7, 'dispo'),
(245, 13, 'dispo'),
(245, 21, 'dispo'),
(245, 22, 'dispo'),
(245, 24, 'dispo'),
(245, 26, 'dispo'),
(245, 27, 'dispo'),
(245, 28, 'dispo'),
(246, 7, 'dispo'),
(246, 13, 'dispo'),
(246, 21, 'dispo'),
(246, 22, 'dispo'),
(246, 24, 'dispo'),
(246, 26, 'dispo'),
(246, 27, 'dispo'),
(246, 28, 'dispo'),
(247, 7, 'dispo'),
(247, 13, 'dispo'),
(247, 21, 'dispo'),
(247, 22, 'dispo'),
(247, 24, 'dispo'),
(247, 26, 'dispo'),
(247, 27, 'dispo'),
(247, 28, 'dispo'),
(248, 7, 'dispo'),
(248, 13, 'dispo'),
(248, 21, 'dispo'),
(248, 22, 'dispo'),
(248, 24, 'dispo'),
(248, 26, 'dispo'),
(248, 27, 'dispo'),
(248, 28, 'dispo'),
(249, 7, 'dispo'),
(249, 13, 'dispo'),
(249, 21, 'dispo'),
(249, 22, 'dispo'),
(249, 24, 'dispo'),
(249, 26, 'dispo'),
(249, 27, 'dispo'),
(249, 28, 'dispo'),
(250, 7, 'dispo'),
(250, 13, 'dispo'),
(250, 21, 'dispo'),
(250, 22, 'dispo'),
(250, 24, 'dispo'),
(250, 26, 'dispo'),
(250, 27, 'dispo'),
(250, 28, 'dispo'),
(251, 7, 'dispo'),
(251, 13, 'dispo'),
(251, 21, 'dispo'),
(251, 22, 'dispo'),
(251, 24, 'dispo'),
(251, 26, 'dispo'),
(251, 27, 'dispo'),
(251, 28, 'dispo'),
(252, 7, 'dispo'),
(252, 13, 'dispo'),
(252, 21, 'dispo'),
(252, 22, 'dispo'),
(252, 24, 'dispo'),
(252, 26, 'dispo'),
(252, 27, 'dispo'),
(252, 28, 'dispo'),
(253, 7, 'dispo'),
(253, 13, 'dispo'),
(253, 21, 'dispo'),
(253, 22, 'dispo'),
(253, 24, 'dispo'),
(253, 26, 'dispo'),
(253, 27, 'dispo'),
(253, 28, 'dispo'),
(254, 7, 'dispo'),
(254, 13, 'dispo'),
(254, 21, 'dispo'),
(254, 22, 'dispo'),
(254, 24, 'dispo'),
(254, 26, 'dispo'),
(254, 27, 'dispo'),
(254, 28, 'dispo'),
(255, 7, 'dispo'),
(255, 13, 'dispo'),
(255, 21, 'dispo'),
(255, 22, 'dispo'),
(255, 24, 'dispo'),
(255, 26, 'dispo'),
(255, 27, 'dispo'),
(255, 28, 'dispo'),
(256, 7, 'dispo'),
(256, 13, 'dispo'),
(256, 21, 'dispo'),
(256, 22, 'dispo'),
(256, 24, 'dispo'),
(256, 26, 'dispo'),
(256, 27, 'dispo'),
(256, 28, 'dispo'),
(257, 7, 'dispo'),
(257, 13, 'dispo'),
(257, 21, 'dispo'),
(257, 22, 'dispo'),
(257, 24, 'dispo'),
(257, 26, 'dispo'),
(257, 27, 'dispo'),
(257, 28, 'dispo'),
(258, 7, 'dispo'),
(258, 13, 'dispo'),
(258, 21, 'dispo'),
(258, 22, 'dispo'),
(258, 24, 'dispo'),
(258, 26, 'dispo'),
(258, 27, 'dispo'),
(258, 28, 'dispo'),
(259, 7, 'dispo'),
(259, 13, 'dispo'),
(259, 21, 'dispo'),
(259, 22, 'dispo'),
(259, 24, 'dispo'),
(259, 26, 'dispo'),
(259, 27, 'dispo'),
(259, 28, 'dispo'),
(260, 7, 'dispo'),
(260, 13, 'dispo'),
(260, 21, 'dispo'),
(260, 22, 'dispo'),
(260, 24, 'dispo'),
(260, 26, 'dispo'),
(260, 27, 'dispo'),
(260, 28, 'dispo'),
(261, 7, 'dispo'),
(261, 13, 'dispo'),
(261, 21, 'dispo'),
(261, 22, 'dispo'),
(261, 24, 'dispo'),
(261, 26, 'dispo'),
(261, 27, 'dispo'),
(261, 28, 'dispo'),
(262, 7, 'dispo'),
(262, 13, 'dispo'),
(262, 21, 'dispo'),
(262, 22, 'dispo'),
(262, 24, 'dispo'),
(262, 26, 'dispo'),
(262, 27, 'dispo'),
(262, 28, 'dispo'),
(263, 7, 'dispo'),
(263, 13, 'dispo'),
(263, 21, 'dispo'),
(263, 22, 'dispo'),
(263, 24, 'dispo'),
(263, 26, 'dispo'),
(263, 27, 'dispo'),
(263, 28, 'dispo'),
(264, 7, 'dispo'),
(264, 13, 'dispo'),
(264, 21, 'dispo'),
(264, 22, 'dispo'),
(264, 24, 'dispo'),
(264, 26, 'dispo'),
(264, 27, 'dispo'),
(264, 28, 'dispo'),
(265, 7, 'dispo'),
(265, 13, 'dispo'),
(265, 21, 'dispo'),
(265, 22, 'dispo'),
(265, 24, 'dispo'),
(265, 26, 'dispo'),
(265, 27, 'dispo'),
(265, 28, 'dispo'),
(266, 7, 'dispo'),
(266, 13, 'dispo'),
(266, 21, 'dispo'),
(266, 22, 'dispo'),
(266, 24, 'dispo'),
(266, 26, 'dispo'),
(266, 27, 'dispo'),
(266, 28, 'dispo'),
(267, 7, 'dispo'),
(267, 13, 'dispo'),
(267, 21, 'dispo'),
(267, 22, 'dispo'),
(267, 24, 'dispo'),
(267, 26, 'dispo'),
(267, 27, 'dispo'),
(267, 28, 'dispo'),
(268, 7, 'dispo'),
(268, 13, 'dispo'),
(268, 21, 'dispo'),
(268, 22, 'dispo'),
(268, 24, 'dispo'),
(268, 26, 'dispo'),
(268, 27, 'dispo'),
(268, 28, 'dispo'),
(269, 7, 'dispo'),
(269, 13, 'dispo'),
(269, 21, 'dispo'),
(269, 22, 'dispo'),
(269, 24, 'dispo'),
(269, 26, 'dispo'),
(269, 27, 'dispo'),
(269, 28, 'dispo'),
(270, 7, 'dispo'),
(270, 13, 'dispo'),
(270, 21, 'dispo'),
(270, 22, 'dispo'),
(270, 24, 'dispo'),
(270, 26, 'dispo'),
(270, 27, 'dispo'),
(270, 28, 'dispo'),
(271, 7, 'dispo'),
(271, 13, 'dispo'),
(271, 21, 'dispo'),
(271, 22, 'dispo'),
(271, 24, 'dispo'),
(271, 26, 'dispo'),
(271, 27, 'dispo'),
(271, 28, 'dispo'),
(272, 7, 'dispo'),
(272, 13, 'dispo'),
(272, 21, 'dispo'),
(272, 22, 'dispo'),
(272, 24, 'dispo'),
(272, 26, 'dispo'),
(272, 27, 'dispo'),
(272, 28, 'dispo'),
(273, 7, 'dispo'),
(273, 13, 'dispo'),
(273, 21, 'dispo'),
(273, 22, 'dispo'),
(273, 24, 'dispo'),
(273, 26, 'dispo'),
(273, 27, 'dispo'),
(273, 28, 'dispo'),
(274, 7, 'dispo'),
(274, 13, 'dispo'),
(274, 21, 'dispo'),
(274, 22, 'dispo'),
(274, 24, 'dispo'),
(274, 26, 'dispo'),
(274, 27, 'dispo'),
(274, 28, 'dispo'),
(275, 7, 'dispo'),
(275, 13, 'dispo'),
(275, 21, 'dispo'),
(275, 22, 'dispo'),
(275, 24, 'dispo'),
(275, 26, 'dispo'),
(275, 27, 'dispo'),
(275, 28, 'dispo'),
(276, 7, 'dispo'),
(276, 13, 'dispo'),
(276, 21, 'dispo'),
(276, 22, 'dispo'),
(276, 24, 'dispo'),
(276, 26, 'dispo'),
(276, 27, 'dispo'),
(276, 28, 'dispo'),
(277, 7, 'dispo'),
(277, 13, 'dispo'),
(277, 21, 'dispo'),
(277, 22, 'dispo'),
(277, 24, 'dispo'),
(277, 26, 'dispo'),
(277, 27, 'dispo'),
(277, 28, 'dispo'),
(278, 7, 'dispo'),
(278, 13, 'dispo'),
(278, 21, 'dispo'),
(278, 22, 'dispo'),
(278, 24, 'dispo'),
(278, 26, 'dispo'),
(278, 27, 'dispo'),
(278, 28, 'dispo'),
(279, 7, 'dispo'),
(279, 13, 'dispo'),
(279, 21, 'dispo'),
(279, 22, 'dispo'),
(279, 24, 'dispo'),
(279, 26, 'dispo'),
(279, 27, 'dispo'),
(279, 28, 'dispo'),
(280, 7, 'dispo'),
(280, 13, 'dispo'),
(280, 21, 'dispo'),
(280, 22, 'dispo'),
(280, 24, 'dispo'),
(280, 26, 'dispo'),
(280, 27, 'dispo'),
(280, 28, 'dispo'),
(281, 7, 'dispo'),
(281, 13, 'dispo'),
(281, 21, 'dispo'),
(281, 22, 'dispo'),
(281, 24, 'dispo'),
(281, 26, 'dispo'),
(281, 27, 'dispo'),
(281, 28, 'dispo'),
(282, 7, 'dispo'),
(282, 13, 'dispo'),
(282, 21, 'dispo'),
(282, 22, 'dispo'),
(282, 24, 'dispo'),
(282, 26, 'dispo'),
(282, 27, 'dispo'),
(282, 28, 'dispo'),
(283, 7, 'dispo'),
(283, 13, 'dispo'),
(283, 21, 'dispo'),
(283, 22, 'dispo'),
(283, 24, 'dispo'),
(283, 26, 'dispo'),
(283, 27, 'dispo'),
(283, 28, 'dispo'),
(284, 7, 'dispo'),
(284, 13, 'dispo'),
(284, 21, 'dispo'),
(284, 22, 'dispo'),
(284, 24, 'dispo'),
(284, 26, 'dispo'),
(284, 27, 'dispo'),
(284, 28, 'dispo'),
(285, 7, 'dispo'),
(285, 13, 'dispo'),
(285, 21, 'dispo'),
(285, 22, 'dispo'),
(285, 24, 'dispo'),
(285, 26, 'dispo'),
(285, 27, 'dispo'),
(285, 28, 'dispo'),
(286, 1, 'dispo'),
(286, 5, 'dispo'),
(286, 8, 'dispo'),
(286, 9, 'dispo'),
(286, 10, 'dispo'),
(286, 14, 'dispo'),
(286, 17, 'dispo'),
(286, 18, 'dispo'),
(286, 19, 'dispo'),
(286, 25, 'dispo'),
(286, 30, 'dispo'),
(287, 1, 'dispo'),
(287, 5, 'dispo'),
(287, 8, 'dispo'),
(287, 9, 'dispo'),
(287, 10, 'dispo'),
(287, 14, 'dispo'),
(287, 17, 'dispo'),
(287, 18, 'dispo'),
(287, 19, 'dispo'),
(287, 25, 'dispo'),
(287, 30, 'dispo'),
(288, 1, 'dispo'),
(288, 5, 'dispo'),
(288, 8, 'dispo'),
(288, 9, 'dispo'),
(288, 10, 'dispo'),
(288, 14, 'dispo'),
(288, 17, 'dispo'),
(288, 18, 'dispo'),
(288, 19, 'dispo'),
(288, 25, 'dispo'),
(288, 30, 'dispo'),
(289, 1, 'dispo'),
(289, 5, 'dispo'),
(289, 8, 'dispo'),
(289, 9, 'dispo'),
(289, 10, 'dispo'),
(289, 14, 'dispo'),
(289, 17, 'dispo'),
(289, 18, 'dispo'),
(289, 19, 'dispo'),
(289, 25, 'dispo'),
(289, 30, 'dispo'),
(290, 1, 'dispo'),
(290, 5, 'dispo'),
(290, 8, 'dispo'),
(290, 9, 'dispo'),
(290, 10, 'dispo'),
(290, 14, 'dispo'),
(290, 17, 'dispo'),
(290, 18, 'dispo'),
(290, 19, 'dispo'),
(290, 25, 'dispo'),
(290, 30, 'dispo'),
(291, 1, 'dispo'),
(291, 5, 'dispo'),
(291, 8, 'dispo'),
(291, 9, 'dispo'),
(291, 10, 'dispo'),
(291, 14, 'dispo'),
(291, 17, 'dispo'),
(291, 18, 'dispo'),
(291, 19, 'dispo'),
(291, 25, 'dispo'),
(291, 30, 'dispo'),
(292, 1, 'dispo'),
(292, 5, 'dispo'),
(292, 8, 'dispo'),
(292, 9, 'dispo'),
(292, 10, 'dispo'),
(292, 14, 'dispo'),
(292, 17, 'dispo'),
(292, 18, 'dispo'),
(292, 19, 'dispo'),
(292, 25, 'dispo'),
(292, 30, 'dispo'),
(293, 1, 'dispo'),
(293, 5, 'dispo'),
(293, 8, 'dispo'),
(293, 9, 'dispo'),
(293, 10, 'dispo'),
(293, 14, 'dispo'),
(293, 17, 'dispo'),
(293, 18, 'dispo'),
(293, 19, 'dispo'),
(293, 25, 'dispo'),
(293, 30, 'dispo'),
(294, 1, 'dispo'),
(294, 5, 'dispo'),
(294, 8, 'dispo'),
(294, 9, 'dispo'),
(294, 10, 'dispo'),
(294, 14, 'dispo'),
(294, 18, 'dispo'),
(294, 19, 'dispo'),
(294, 25, 'dispo'),
(294, 30, 'dispo'),
(295, 1, 'dispo'),
(295, 8, 'dispo'),
(295, 9, 'dispo'),
(295, 10, 'dispo'),
(295, 14, 'dispo'),
(295, 17, 'dispo'),
(295, 18, 'dispo'),
(295, 19, 'dispo'),
(295, 25, 'dispo'),
(295, 30, 'dispo'),
(296, 1, 'dispo'),
(296, 5, 'dispo'),
(296, 8, 'dispo'),
(296, 9, 'dispo'),
(296, 10, 'dispo'),
(296, 14, 'dispo'),
(296, 17, 'dispo'),
(296, 18, 'dispo'),
(296, 19, 'dispo'),
(296, 25, 'dispo'),
(296, 30, 'dispo'),
(297, 1, 'dispo'),
(297, 5, 'dispo'),
(297, 8, 'dispo'),
(297, 9, 'dispo'),
(297, 10, 'dispo'),
(297, 14, 'dispo'),
(297, 17, 'dispo'),
(297, 18, 'dispo'),
(297, 19, 'dispo'),
(297, 25, 'dispo'),
(297, 30, 'dispo'),
(298, 1, 'dispo'),
(298, 5, 'dispo'),
(298, 8, 'dispo'),
(298, 9, 'dispo'),
(298, 10, 'dispo'),
(298, 14, 'dispo'),
(298, 18, 'dispo'),
(298, 19, 'dispo'),
(298, 25, 'dispo'),
(298, 30, 'dispo'),
(299, 1, 'dispo'),
(299, 8, 'dispo'),
(299, 9, 'dispo'),
(299, 10, 'dispo'),
(299, 14, 'dispo'),
(299, 17, 'dispo'),
(299, 18, 'dispo'),
(299, 19, 'dispo'),
(299, 25, 'dispo'),
(299, 30, 'dispo'),
(300, 1, 'dispo'),
(300, 5, 'dispo'),
(300, 8, 'dispo'),
(300, 9, 'dispo'),
(300, 10, 'dispo'),
(300, 14, 'dispo'),
(300, 17, 'dispo'),
(300, 18, 'dispo'),
(300, 19, 'dispo'),
(300, 25, 'dispo'),
(300, 30, 'dispo'),
(301, 1, 'dispo'),
(301, 5, 'dispo'),
(301, 8, 'dispo'),
(301, 9, 'dispo'),
(301, 10, 'dispo'),
(301, 14, 'dispo'),
(301, 17, 'dispo'),
(301, 18, 'dispo'),
(301, 19, 'dispo'),
(301, 25, 'dispo'),
(301, 30, 'dispo'),
(302, 1, 'dispo'),
(302, 5, 'dispo'),
(302, 8, 'dispo'),
(302, 9, 'dispo'),
(302, 10, 'dispo'),
(302, 14, 'dispo'),
(302, 17, 'dispo'),
(302, 18, 'dispo'),
(302, 19, 'dispo'),
(302, 25, 'dispo'),
(302, 30, 'dispo'),
(303, 1, 'dispo'),
(303, 5, 'dispo'),
(303, 8, 'dispo'),
(303, 9, 'dispo'),
(303, 10, 'dispo'),
(303, 14, 'dispo'),
(303, 17, 'dispo'),
(303, 18, 'dispo'),
(303, 19, 'dispo'),
(303, 25, 'dispo'),
(303, 30, 'dispo'),
(304, 1, 'dispo'),
(304, 5, 'dispo'),
(304, 8, 'dispo'),
(304, 9, 'dispo'),
(304, 10, 'dispo'),
(304, 14, 'dispo'),
(304, 17, 'dispo'),
(304, 18, 'dispo'),
(304, 19, 'dispo'),
(304, 25, 'dispo'),
(304, 30, 'dispo'),
(305, 1, 'dispo'),
(305, 5, 'dispo'),
(305, 8, 'dispo'),
(305, 9, 'dispo'),
(305, 10, 'dispo'),
(305, 14, 'dispo'),
(305, 18, 'dispo'),
(305, 19, 'dispo'),
(305, 25, 'dispo'),
(305, 30, 'dispo'),
(306, 1, 'dispo'),
(306, 5, 'dispo'),
(306, 8, 'dispo'),
(306, 9, 'dispo'),
(306, 10, 'dispo'),
(306, 14, 'dispo'),
(306, 17, 'dispo'),
(306, 18, 'dispo'),
(306, 19, 'dispo'),
(306, 25, 'dispo'),
(306, 30, 'dispo'),
(307, 1, 'dispo'),
(307, 5, 'dispo'),
(307, 8, 'dispo'),
(307, 9, 'dispo'),
(307, 10, 'dispo'),
(307, 14, 'dispo'),
(307, 17, 'dispo'),
(307, 18, 'dispo'),
(307, 19, 'dispo'),
(307, 25, 'dispo'),
(307, 30, 'dispo'),
(308, 1, 'dispo'),
(308, 8, 'dispo'),
(308, 9, 'dispo'),
(308, 10, 'dispo'),
(308, 14, 'dispo'),
(308, 17, 'dispo'),
(308, 18, 'dispo'),
(308, 19, 'dispo'),
(308, 25, 'dispo'),
(308, 30, 'dispo'),
(309, 1, 'dispo'),
(309, 5, 'dispo'),
(309, 8, 'dispo'),
(309, 9, 'dispo'),
(309, 10, 'dispo'),
(309, 14, 'dispo'),
(309, 17, 'dispo'),
(309, 18, 'dispo'),
(309, 19, 'dispo'),
(309, 25, 'dispo'),
(309, 30, 'dispo'),
(310, 1, 'dispo'),
(310, 5, 'dispo'),
(310, 8, 'dispo'),
(310, 9, 'dispo'),
(310, 10, 'dispo'),
(310, 14, 'dispo'),
(310, 17, 'dispo'),
(310, 18, 'dispo'),
(310, 19, 'dispo'),
(310, 25, 'dispo'),
(310, 30, 'dispo'),
(311, 1, 'dispo'),
(311, 5, 'dispo'),
(311, 8, 'dispo'),
(311, 9, 'dispo'),
(311, 10, 'dispo'),
(311, 14, 'dispo'),
(311, 17, 'dispo'),
(311, 18, 'dispo'),
(311, 19, 'dispo'),
(311, 25, 'dispo'),
(311, 30, 'dispo'),
(312, 1, 'dispo'),
(312, 5, 'dispo'),
(312, 8, 'dispo'),
(312, 9, 'dispo'),
(312, 10, 'dispo'),
(312, 14, 'dispo'),
(312, 17, 'dispo'),
(312, 18, 'dispo'),
(312, 19, 'dispo'),
(312, 25, 'dispo'),
(312, 30, 'dispo'),
(313, 1, 'dispo'),
(313, 5, 'dispo'),
(313, 8, 'dispo'),
(313, 9, 'dispo'),
(313, 10, 'dispo'),
(313, 14, 'dispo'),
(313, 17, 'dispo'),
(313, 18, 'dispo'),
(313, 19, 'dispo'),
(313, 25, 'dispo'),
(313, 30, 'dispo'),
(314, 1, 'dispo'),
(314, 5, 'dispo'),
(314, 8, 'dispo'),
(314, 9, 'dispo'),
(314, 10, 'dispo'),
(314, 14, 'dispo'),
(314, 17, 'pris'),
(314, 18, 'dispo'),
(314, 19, 'dispo'),
(314, 25, 'dispo'),
(314, 30, 'dispo'),
(315, 1, 'dispo'),
(315, 5, 'dispo'),
(315, 8, 'dispo'),
(315, 9, 'dispo'),
(315, 10, 'dispo'),
(315, 14, 'dispo'),
(315, 17, 'dispo'),
(315, 18, 'dispo'),
(315, 19, 'dispo'),
(315, 25, 'dispo'),
(315, 30, 'dispo'),
(316, 1, 'dispo'),
(316, 5, 'dispo'),
(316, 8, 'dispo'),
(316, 9, 'dispo'),
(316, 10, 'dispo'),
(316, 14, 'dispo'),
(316, 17, 'dispo'),
(316, 18, 'dispo'),
(316, 19, 'dispo'),
(316, 25, 'dispo'),
(316, 30, 'dispo'),
(317, 1, 'dispo'),
(317, 5, 'dispo'),
(317, 8, 'dispo'),
(317, 9, 'dispo'),
(317, 10, 'dispo'),
(317, 14, 'dispo'),
(317, 17, 'dispo'),
(317, 18, 'dispo'),
(317, 19, 'dispo'),
(317, 25, 'dispo'),
(317, 30, 'dispo'),
(318, 1, 'dispo'),
(318, 5, 'dispo'),
(318, 8, 'dispo'),
(318, 9, 'dispo'),
(318, 10, 'dispo'),
(318, 14, 'dispo'),
(318, 17, 'dispo'),
(318, 18, 'dispo'),
(318, 19, 'dispo'),
(318, 25, 'dispo'),
(318, 30, 'dispo'),
(319, 1, 'dispo'),
(319, 5, 'dispo'),
(319, 8, 'dispo'),
(319, 9, 'dispo'),
(319, 10, 'dispo'),
(319, 14, 'dispo'),
(319, 17, 'dispo'),
(319, 18, 'dispo'),
(319, 19, 'dispo'),
(319, 25, 'dispo'),
(319, 30, 'dispo'),
(320, 1, 'dispo'),
(320, 5, 'dispo'),
(320, 8, 'dispo'),
(320, 9, 'dispo'),
(320, 10, 'dispo'),
(320, 14, 'dispo'),
(320, 17, 'dispo'),
(320, 18, 'dispo'),
(320, 19, 'dispo'),
(320, 25, 'dispo'),
(320, 30, 'dispo'),
(321, 1, 'dispo'),
(321, 5, 'dispo'),
(321, 8, 'dispo'),
(321, 9, 'dispo'),
(321, 10, 'dispo'),
(321, 14, 'dispo'),
(321, 17, 'dispo'),
(321, 18, 'dispo'),
(321, 19, 'dispo'),
(321, 25, 'dispo'),
(321, 30, 'dispo'),
(322, 1, 'dispo'),
(322, 5, 'dispo'),
(322, 8, 'dispo'),
(322, 9, 'dispo'),
(322, 10, 'dispo'),
(322, 14, 'dispo'),
(322, 17, 'dispo'),
(322, 18, 'dispo'),
(322, 19, 'dispo'),
(322, 25, 'dispo'),
(322, 30, 'dispo'),
(323, 1, 'dispo'),
(323, 8, 'dispo'),
(323, 9, 'dispo'),
(323, 10, 'dispo'),
(323, 14, 'dispo'),
(323, 17, 'dispo'),
(323, 18, 'dispo'),
(323, 19, 'dispo'),
(323, 25, 'dispo'),
(323, 30, 'dispo'),
(324, 1, 'dispo'),
(324, 5, 'dispo'),
(324, 8, 'dispo'),
(324, 9, 'dispo'),
(324, 10, 'dispo'),
(324, 14, 'dispo'),
(324, 17, 'dispo'),
(324, 18, 'dispo'),
(324, 19, 'dispo'),
(324, 25, 'dispo'),
(324, 30, 'dispo'),
(325, 1, 'dispo'),
(325, 5, 'dispo'),
(325, 8, 'dispo'),
(325, 9, 'dispo'),
(325, 10, 'dispo'),
(325, 14, 'dispo'),
(325, 17, 'dispo'),
(325, 18, 'dispo'),
(325, 19, 'dispo'),
(325, 25, 'dispo'),
(325, 30, 'dispo'),
(326, 1, 'dispo'),
(326, 5, 'dispo'),
(326, 8, 'dispo'),
(326, 9, 'dispo'),
(326, 10, 'dispo'),
(326, 14, 'dispo'),
(326, 17, 'dispo'),
(326, 18, 'dispo'),
(326, 19, 'dispo'),
(326, 25, 'dispo'),
(326, 30, 'dispo'),
(327, 1, 'dispo'),
(327, 5, 'dispo'),
(327, 8, 'dispo'),
(327, 9, 'dispo'),
(327, 10, 'dispo'),
(327, 14, 'dispo'),
(327, 17, 'dispo'),
(327, 18, 'dispo'),
(327, 19, 'dispo'),
(327, 25, 'dispo'),
(327, 30, 'dispo'),
(328, 1, 'dispo'),
(328, 5, 'dispo'),
(328, 8, 'dispo'),
(328, 9, 'dispo'),
(328, 10, 'dispo'),
(328, 14, 'dispo'),
(328, 18, 'dispo'),
(328, 19, 'dispo'),
(328, 25, 'dispo'),
(328, 30, 'dispo'),
(329, 1, 'dispo'),
(329, 8, 'dispo'),
(329, 9, 'dispo'),
(329, 10, 'dispo'),
(329, 14, 'dispo'),
(329, 18, 'dispo'),
(329, 19, 'dispo'),
(329, 25, 'dispo'),
(329, 30, 'dispo'),
(330, 1, 'dispo'),
(330, 5, 'dispo'),
(330, 8, 'dispo'),
(330, 9, 'dispo'),
(330, 10, 'dispo'),
(330, 14, 'dispo'),
(330, 18, 'dispo'),
(330, 19, 'dispo'),
(330, 25, 'dispo'),
(330, 30, 'dispo'),
(331, 1, 'dispo'),
(331, 5, 'dispo'),
(331, 8, 'dispo'),
(331, 9, 'dispo'),
(331, 10, 'dispo'),
(331, 14, 'dispo'),
(331, 18, 'dispo'),
(331, 19, 'dispo'),
(331, 25, 'dispo'),
(331, 30, 'dispo'),
(332, 1, 'dispo'),
(332, 8, 'dispo'),
(332, 9, 'dispo'),
(332, 10, 'dispo'),
(332, 14, 'dispo'),
(332, 18, 'dispo'),
(332, 19, 'dispo'),
(332, 25, 'dispo'),
(332, 30, 'dispo'),
(333, 1, 'dispo'),
(333, 5, 'dispo'),
(333, 8, 'dispo'),
(333, 9, 'dispo'),
(333, 10, 'dispo'),
(333, 14, 'dispo'),
(333, 18, 'dispo'),
(333, 19, 'dispo'),
(333, 25, 'dispo'),
(333, 30, 'dispo'),
(334, 1, 'dispo'),
(334, 5, 'dispo'),
(334, 8, 'dispo'),
(334, 9, 'dispo'),
(334, 10, 'dispo'),
(334, 14, 'dispo'),
(334, 18, 'dispo'),
(334, 19, 'dispo'),
(334, 25, 'dispo'),
(334, 30, 'dispo'),
(335, 1, 'dispo'),
(335, 5, 'dispo'),
(335, 8, 'dispo'),
(335, 9, 'dispo'),
(335, 10, 'dispo'),
(335, 14, 'dispo'),
(335, 18, 'dispo'),
(335, 19, 'dispo'),
(335, 25, 'dispo'),
(335, 30, 'dispo'),
(336, 1, 'dispo'),
(336, 5, 'dispo'),
(336, 8, 'dispo'),
(336, 9, 'dispo'),
(336, 10, 'dispo'),
(336, 14, 'dispo'),
(336, 18, 'dispo'),
(336, 19, 'dispo'),
(336, 25, 'dispo'),
(336, 30, 'dispo'),
(337, 1, 'dispo'),
(337, 5, 'dispo'),
(337, 8, 'dispo'),
(337, 9, 'dispo'),
(337, 10, 'dispo'),
(337, 14, 'dispo'),
(337, 18, 'dispo'),
(337, 19, 'dispo'),
(337, 25, 'dispo'),
(337, 30, 'dispo'),
(338, 1, 'dispo'),
(338, 5, 'dispo'),
(338, 8, 'dispo'),
(338, 9, 'dispo'),
(338, 10, 'dispo'),
(338, 14, 'dispo'),
(338, 18, 'dispo'),
(338, 19, 'dispo'),
(338, 25, 'dispo'),
(338, 30, 'dispo'),
(339, 1, 'dispo'),
(339, 5, 'dispo'),
(339, 8, 'dispo'),
(339, 9, 'dispo'),
(339, 10, 'dispo'),
(339, 14, 'dispo');
INSERT INTO `siegedispo` (`code_siege`, `num_vol`, `disponibilite`) VALUES
(339, 18, 'dispo'),
(339, 19, 'dispo'),
(339, 25, 'dispo'),
(339, 30, 'dispo'),
(340, 1, 'dispo'),
(340, 5, 'dispo'),
(340, 8, 'dispo'),
(340, 9, 'dispo'),
(340, 10, 'dispo'),
(340, 14, 'dispo'),
(340, 18, 'dispo'),
(340, 19, 'dispo'),
(340, 25, 'dispo'),
(340, 30, 'dispo'),
(341, 1, 'dispo'),
(341, 5, 'dispo'),
(341, 8, 'dispo'),
(341, 9, 'dispo'),
(341, 10, 'dispo'),
(341, 14, 'dispo'),
(341, 18, 'dispo'),
(341, 19, 'dispo'),
(341, 25, 'dispo'),
(341, 30, 'dispo'),
(342, 1, 'dispo'),
(342, 5, 'dispo'),
(342, 8, 'dispo'),
(342, 9, 'dispo'),
(342, 10, 'dispo'),
(342, 14, 'dispo'),
(342, 18, 'dispo'),
(342, 19, 'dispo'),
(342, 25, 'dispo'),
(342, 30, 'dispo'),
(343, 1, 'dispo'),
(343, 5, 'dispo'),
(343, 8, 'dispo'),
(343, 9, 'dispo'),
(343, 10, 'dispo'),
(343, 14, 'dispo'),
(343, 18, 'dispo'),
(343, 19, 'dispo'),
(343, 25, 'dispo'),
(343, 30, 'dispo'),
(344, 1, 'dispo'),
(344, 5, 'dispo'),
(344, 8, 'dispo'),
(344, 9, 'dispo'),
(344, 10, 'dispo'),
(344, 14, 'dispo'),
(344, 18, 'dispo'),
(344, 19, 'dispo'),
(344, 25, 'dispo'),
(344, 30, 'dispo'),
(345, 1, 'dispo'),
(345, 5, 'dispo'),
(345, 8, 'dispo'),
(345, 9, 'dispo'),
(345, 10, 'dispo'),
(345, 14, 'dispo'),
(345, 18, 'dispo'),
(345, 19, 'dispo'),
(345, 25, 'dispo'),
(345, 30, 'dispo'),
(346, 1, 'dispo'),
(346, 5, 'dispo'),
(346, 8, 'dispo'),
(346, 9, 'dispo'),
(346, 10, 'dispo'),
(346, 14, 'dispo'),
(346, 18, 'dispo'),
(346, 19, 'dispo'),
(346, 25, 'dispo'),
(346, 30, 'dispo'),
(347, 1, 'dispo'),
(347, 5, 'dispo'),
(347, 8, 'dispo'),
(347, 9, 'dispo'),
(347, 10, 'dispo'),
(347, 14, 'dispo'),
(347, 18, 'dispo'),
(347, 19, 'dispo'),
(347, 25, 'dispo'),
(347, 30, 'dispo'),
(348, 1, 'dispo'),
(348, 5, 'dispo'),
(348, 8, 'dispo'),
(348, 9, 'dispo'),
(348, 10, 'dispo'),
(348, 14, 'dispo'),
(348, 18, 'pris'),
(348, 19, 'dispo'),
(348, 25, 'dispo'),
(348, 30, 'dispo'),
(349, 1, 'dispo'),
(349, 5, 'dispo'),
(349, 8, 'dispo'),
(349, 9, 'dispo'),
(349, 10, 'dispo'),
(349, 14, 'dispo'),
(349, 18, 'dispo'),
(349, 19, 'dispo'),
(349, 25, 'dispo'),
(349, 30, 'dispo'),
(350, 1, 'dispo'),
(350, 5, 'dispo'),
(350, 8, 'dispo'),
(350, 9, 'dispo'),
(350, 10, 'dispo'),
(350, 14, 'dispo'),
(350, 18, 'dispo'),
(350, 19, 'dispo'),
(350, 25, 'dispo'),
(350, 30, 'dispo'),
(351, 1, 'dispo'),
(351, 5, 'dispo'),
(351, 8, 'dispo'),
(351, 9, 'dispo'),
(351, 10, 'dispo'),
(351, 14, 'dispo'),
(351, 18, 'dispo'),
(351, 19, 'dispo'),
(351, 25, 'dispo'),
(351, 30, 'dispo'),
(352, 1, 'dispo'),
(352, 5, 'dispo'),
(352, 8, 'dispo'),
(352, 9, 'dispo'),
(352, 10, 'dispo'),
(352, 14, 'dispo'),
(352, 18, 'dispo'),
(352, 19, 'dispo'),
(352, 25, 'dispo'),
(352, 30, 'dispo'),
(353, 1, 'dispo'),
(353, 5, 'dispo'),
(353, 8, 'dispo'),
(353, 9, 'dispo'),
(353, 10, 'dispo'),
(353, 14, 'dispo'),
(353, 18, 'dispo'),
(353, 19, 'dispo'),
(353, 25, 'dispo'),
(353, 30, 'dispo'),
(354, 1, 'dispo'),
(354, 5, 'dispo'),
(354, 8, 'dispo'),
(354, 9, 'dispo'),
(354, 10, 'dispo'),
(354, 14, 'dispo'),
(354, 18, 'dispo'),
(354, 19, 'dispo'),
(354, 25, 'dispo'),
(354, 30, 'dispo'),
(355, 1, 'dispo'),
(355, 5, 'dispo'),
(355, 8, 'dispo'),
(355, 9, 'dispo'),
(355, 10, 'dispo'),
(355, 14, 'dispo'),
(355, 18, 'dispo'),
(355, 19, 'dispo'),
(355, 25, 'dispo'),
(355, 30, 'dispo'),
(356, 1, 'dispo'),
(356, 5, 'dispo'),
(356, 8, 'dispo'),
(356, 9, 'dispo'),
(356, 10, 'dispo'),
(356, 14, 'dispo'),
(356, 18, 'dispo'),
(356, 19, 'dispo'),
(356, 25, 'dispo'),
(356, 30, 'dispo'),
(357, 1, 'dispo'),
(357, 5, 'dispo'),
(357, 8, 'dispo'),
(357, 9, 'dispo'),
(357, 10, 'dispo'),
(357, 14, 'dispo'),
(357, 18, 'dispo'),
(357, 19, 'dispo'),
(357, 25, 'dispo'),
(357, 30, 'dispo'),
(358, 1, 'dispo'),
(358, 5, 'dispo'),
(358, 8, 'dispo'),
(358, 9, 'dispo'),
(358, 10, 'dispo'),
(358, 14, 'dispo'),
(358, 18, 'dispo'),
(358, 19, 'dispo'),
(358, 25, 'dispo'),
(358, 30, 'dispo'),
(359, 1, 'dispo'),
(359, 5, 'dispo'),
(359, 8, 'dispo'),
(359, 9, 'dispo'),
(359, 10, 'dispo'),
(359, 14, 'dispo'),
(359, 18, 'dispo'),
(359, 19, 'dispo'),
(359, 25, 'dispo'),
(359, 30, 'dispo'),
(360, 1, 'dispo'),
(360, 5, 'dispo'),
(360, 8, 'dispo'),
(360, 9, 'dispo'),
(360, 10, 'dispo'),
(360, 14, 'dispo'),
(360, 18, 'dispo'),
(360, 19, 'dispo'),
(360, 25, 'dispo'),
(360, 30, 'dispo'),
(361, 1, 'dispo'),
(361, 5, 'dispo'),
(361, 8, 'dispo'),
(361, 9, 'dispo'),
(361, 10, 'dispo'),
(361, 14, 'dispo'),
(361, 18, 'dispo'),
(361, 19, 'dispo'),
(361, 25, 'dispo'),
(361, 30, 'dispo'),
(362, 1, 'dispo'),
(362, 5, 'dispo'),
(362, 8, 'dispo'),
(362, 9, 'dispo'),
(362, 10, 'dispo'),
(362, 14, 'dispo'),
(362, 18, 'dispo'),
(362, 19, 'dispo'),
(362, 25, 'dispo'),
(362, 30, 'dispo'),
(363, 1, 'dispo'),
(363, 5, 'dispo'),
(363, 8, 'dispo'),
(363, 9, 'dispo'),
(363, 10, 'dispo'),
(363, 14, 'dispo'),
(363, 18, 'dispo'),
(363, 19, 'dispo'),
(363, 25, 'dispo'),
(363, 30, 'dispo'),
(364, 1, 'dispo'),
(364, 5, 'dispo'),
(364, 8, 'dispo'),
(364, 9, 'dispo'),
(364, 10, 'dispo'),
(364, 14, 'dispo'),
(364, 18, 'dispo'),
(364, 19, 'dispo'),
(364, 25, 'dispo'),
(364, 30, 'dispo'),
(365, 1, 'dispo'),
(365, 5, 'dispo'),
(365, 8, 'dispo'),
(365, 9, 'dispo'),
(365, 10, 'dispo'),
(365, 14, 'dispo'),
(365, 18, 'dispo'),
(365, 19, 'dispo'),
(365, 25, 'dispo'),
(365, 30, 'dispo'),
(366, 1, 'dispo'),
(366, 5, 'dispo'),
(366, 8, 'dispo'),
(366, 9, 'dispo'),
(366, 10, 'dispo'),
(366, 14, 'dispo'),
(366, 18, 'dispo'),
(366, 19, 'dispo'),
(366, 25, 'dispo'),
(366, 30, 'dispo'),
(367, 1, 'dispo'),
(367, 5, 'dispo'),
(367, 8, 'dispo'),
(367, 9, 'dispo'),
(367, 10, 'dispo'),
(367, 14, 'dispo'),
(367, 18, 'dispo'),
(367, 19, 'dispo'),
(367, 25, 'dispo'),
(367, 30, 'dispo'),
(368, 1, 'dispo'),
(368, 5, 'dispo'),
(368, 8, 'dispo'),
(368, 9, 'dispo'),
(368, 10, 'dispo'),
(368, 14, 'dispo'),
(368, 18, 'dispo'),
(368, 19, 'dispo'),
(368, 25, 'dispo'),
(368, 30, 'dispo'),
(369, 1, 'dispo'),
(369, 5, 'dispo'),
(369, 8, 'dispo'),
(369, 9, 'dispo'),
(369, 10, 'dispo'),
(369, 14, 'dispo'),
(369, 18, 'dispo'),
(369, 19, 'dispo'),
(369, 25, 'dispo'),
(369, 30, 'dispo'),
(370, 1, 'dispo'),
(370, 5, 'dispo'),
(370, 8, 'dispo'),
(370, 9, 'dispo'),
(370, 10, 'dispo'),
(370, 14, 'dispo'),
(370, 18, 'dispo'),
(370, 19, 'dispo'),
(370, 25, 'dispo'),
(370, 30, 'dispo'),
(371, 1, 'dispo'),
(371, 5, 'dispo'),
(371, 8, 'dispo'),
(371, 9, 'dispo'),
(371, 10, 'dispo'),
(371, 14, 'dispo'),
(371, 18, 'dispo'),
(371, 19, 'dispo'),
(371, 25, 'dispo'),
(371, 30, 'dispo'),
(372, 1, 'dispo'),
(372, 5, 'dispo'),
(372, 8, 'dispo'),
(372, 9, 'dispo'),
(372, 10, 'dispo'),
(372, 14, 'dispo'),
(372, 18, 'dispo'),
(372, 19, 'dispo'),
(372, 25, 'dispo'),
(372, 30, 'dispo'),
(373, 1, 'dispo'),
(373, 5, 'dispo'),
(373, 8, 'dispo'),
(373, 9, 'dispo'),
(373, 10, 'dispo'),
(373, 14, 'dispo'),
(373, 18, 'dispo'),
(373, 19, 'dispo'),
(373, 25, 'dispo'),
(373, 30, 'dispo'),
(374, 1, 'pris'),
(374, 5, 'dispo'),
(374, 8, 'dispo'),
(374, 9, 'dispo'),
(374, 10, 'dispo'),
(374, 14, 'dispo'),
(374, 18, 'dispo'),
(374, 19, 'dispo'),
(374, 25, 'dispo'),
(374, 30, 'dispo'),
(375, 1, 'dispo'),
(375, 5, 'dispo'),
(375, 8, 'dispo'),
(375, 9, 'dispo'),
(375, 10, 'dispo'),
(375, 14, 'dispo'),
(375, 18, 'dispo'),
(375, 19, 'dispo'),
(375, 25, 'dispo'),
(375, 30, 'dispo'),
(376, 1, 'dispo'),
(376, 5, 'dispo'),
(376, 8, 'dispo'),
(376, 9, 'dispo'),
(376, 10, 'dispo'),
(376, 14, 'dispo'),
(376, 18, 'dispo'),
(376, 19, 'dispo'),
(376, 25, 'dispo'),
(376, 30, 'dispo'),
(377, 1, 'dispo'),
(377, 5, 'dispo'),
(377, 8, 'dispo'),
(377, 9, 'dispo'),
(377, 10, 'dispo'),
(377, 14, 'dispo'),
(377, 18, 'dispo'),
(377, 19, 'dispo'),
(377, 25, 'dispo'),
(377, 30, 'dispo'),
(378, 1, 'pris'),
(378, 5, 'dispo'),
(378, 8, 'dispo'),
(378, 9, 'dispo'),
(378, 10, 'dispo'),
(378, 14, 'dispo'),
(378, 18, 'dispo'),
(378, 19, 'dispo'),
(378, 25, 'dispo'),
(378, 30, 'dispo'),
(379, 1, 'dispo'),
(379, 5, 'dispo'),
(379, 8, 'dispo'),
(379, 9, 'dispo'),
(379, 10, 'dispo'),
(379, 14, 'dispo'),
(379, 18, 'dispo'),
(379, 19, 'dispo'),
(379, 25, 'dispo'),
(379, 30, 'dispo'),
(380, 1, 'dispo'),
(380, 5, 'dispo'),
(380, 8, 'dispo'),
(380, 9, 'dispo'),
(380, 10, 'dispo'),
(380, 14, 'dispo'),
(380, 18, 'dispo'),
(380, 19, 'dispo'),
(380, 25, 'dispo'),
(380, 30, 'dispo'),
(381, 1, 'dispo'),
(381, 5, 'dispo'),
(381, 8, 'dispo'),
(381, 9, 'dispo'),
(381, 10, 'dispo'),
(381, 14, 'dispo'),
(381, 18, 'dispo'),
(381, 19, 'dispo'),
(381, 25, 'dispo'),
(381, 30, 'dispo'),
(382, 1, 'dispo'),
(382, 5, 'dispo'),
(382, 8, 'dispo'),
(382, 9, 'dispo'),
(382, 10, 'dispo'),
(382, 14, 'dispo'),
(382, 18, 'dispo'),
(382, 19, 'dispo'),
(382, 25, 'dispo'),
(382, 30, 'dispo'),
(383, 1, 'dispo'),
(383, 5, 'dispo'),
(383, 8, 'dispo'),
(383, 9, 'dispo'),
(383, 10, 'dispo'),
(383, 14, 'dispo'),
(383, 18, 'dispo'),
(383, 19, 'dispo'),
(383, 25, 'dispo'),
(383, 30, 'dispo'),
(384, 1, 'dispo'),
(384, 5, 'dispo'),
(384, 8, 'dispo'),
(384, 9, 'dispo'),
(384, 10, 'dispo'),
(384, 14, 'dispo'),
(384, 18, 'dispo'),
(384, 19, 'dispo'),
(384, 25, 'dispo'),
(384, 30, 'dispo'),
(385, 1, 'dispo'),
(385, 5, 'dispo'),
(385, 8, 'dispo'),
(385, 9, 'dispo'),
(385, 10, 'dispo'),
(385, 14, 'dispo'),
(385, 18, 'dispo'),
(385, 19, 'dispo'),
(385, 25, 'dispo'),
(385, 30, 'dispo'),
(386, 1, 'dispo'),
(386, 5, 'dispo'),
(386, 8, 'dispo'),
(386, 9, 'dispo'),
(386, 10, 'dispo'),
(386, 14, 'dispo'),
(386, 18, 'dispo'),
(386, 19, 'dispo'),
(386, 25, 'dispo'),
(386, 30, 'dispo'),
(387, 1, 'dispo'),
(387, 5, 'dispo'),
(387, 8, 'dispo'),
(387, 9, 'dispo'),
(387, 10, 'dispo'),
(387, 14, 'dispo'),
(387, 18, 'dispo'),
(387, 19, 'dispo'),
(387, 25, 'dispo'),
(387, 30, 'dispo'),
(388, 1, 'dispo'),
(388, 5, 'dispo'),
(388, 8, 'dispo'),
(388, 9, 'dispo'),
(388, 10, 'dispo'),
(388, 14, 'dispo'),
(388, 18, 'dispo'),
(388, 19, 'dispo'),
(388, 25, 'dispo'),
(388, 30, 'dispo'),
(389, 1, 'dispo'),
(389, 5, 'dispo'),
(389, 8, 'dispo'),
(389, 9, 'dispo'),
(389, 10, 'dispo'),
(389, 14, 'dispo'),
(389, 18, 'dispo'),
(389, 19, 'dispo'),
(389, 25, 'dispo'),
(389, 30, 'dispo'),
(390, 1, 'dispo'),
(390, 5, 'dispo'),
(390, 8, 'dispo'),
(390, 9, 'dispo'),
(390, 10, 'dispo'),
(390, 14, 'dispo'),
(390, 18, 'dispo'),
(390, 19, 'dispo'),
(390, 25, 'dispo'),
(390, 30, 'dispo'),
(391, 1, 'dispo'),
(391, 5, 'dispo'),
(391, 8, 'dispo'),
(391, 9, 'dispo'),
(391, 10, 'dispo'),
(391, 14, 'dispo'),
(391, 18, 'dispo'),
(391, 19, 'dispo'),
(391, 25, 'dispo'),
(391, 30, 'dispo'),
(392, 1, 'dispo'),
(392, 5, 'dispo'),
(392, 8, 'dispo'),
(392, 9, 'dispo'),
(392, 10, 'dispo'),
(392, 14, 'dispo'),
(392, 18, 'dispo'),
(392, 19, 'dispo'),
(392, 25, 'dispo'),
(392, 30, 'dispo'),
(393, 1, 'dispo'),
(393, 5, 'dispo'),
(393, 8, 'dispo'),
(393, 9, 'dispo'),
(393, 10, 'dispo'),
(393, 14, 'dispo'),
(393, 18, 'dispo'),
(393, 19, 'dispo'),
(393, 25, 'dispo'),
(393, 30, 'dispo'),
(394, 1, 'dispo'),
(394, 5, 'dispo'),
(394, 8, 'dispo'),
(394, 9, 'dispo'),
(394, 10, 'dispo'),
(394, 14, 'dispo'),
(394, 18, 'dispo'),
(394, 19, 'dispo'),
(394, 25, 'dispo'),
(394, 30, 'dispo'),
(395, 1, 'dispo'),
(395, 5, 'dispo'),
(395, 8, 'dispo'),
(395, 9, 'dispo'),
(395, 10, 'dispo'),
(395, 14, 'dispo'),
(395, 18, 'dispo'),
(395, 19, 'dispo'),
(395, 25, 'dispo'),
(395, 30, 'dispo'),
(396, 1, 'dispo'),
(396, 5, 'dispo'),
(396, 8, 'dispo'),
(396, 9, 'dispo'),
(396, 10, 'dispo'),
(396, 14, 'dispo'),
(396, 18, 'dispo'),
(396, 19, 'dispo'),
(396, 25, 'dispo'),
(396, 30, 'dispo'),
(397, 1, 'dispo'),
(397, 5, 'dispo'),
(397, 8, 'dispo'),
(397, 9, 'dispo'),
(397, 10, 'dispo'),
(397, 14, 'dispo'),
(397, 18, 'dispo'),
(397, 19, 'dispo'),
(397, 25, 'dispo'),
(397, 30, 'dispo'),
(398, 1, 'dispo'),
(398, 5, 'dispo'),
(398, 8, 'dispo'),
(398, 9, 'dispo'),
(398, 10, 'dispo'),
(398, 14, 'dispo'),
(398, 18, 'dispo'),
(398, 19, 'dispo'),
(398, 25, 'dispo'),
(398, 30, 'dispo'),
(399, 1, 'dispo'),
(399, 5, 'dispo'),
(399, 8, 'dispo'),
(399, 9, 'dispo'),
(399, 10, 'dispo'),
(399, 14, 'dispo'),
(399, 18, 'dispo'),
(399, 19, 'dispo'),
(399, 25, 'dispo'),
(399, 30, 'dispo'),
(400, 1, 'dispo'),
(400, 5, 'dispo'),
(400, 8, 'dispo'),
(400, 9, 'dispo'),
(400, 10, 'dispo'),
(400, 14, 'dispo'),
(400, 18, 'dispo'),
(400, 19, 'dispo'),
(400, 25, 'dispo'),
(400, 30, 'dispo'),
(401, 1, 'dispo'),
(401, 5, 'dispo'),
(401, 8, 'dispo'),
(401, 9, 'dispo'),
(401, 10, 'dispo'),
(401, 14, 'dispo'),
(401, 18, 'dispo'),
(401, 19, 'dispo'),
(401, 25, 'dispo'),
(401, 30, 'dispo'),
(402, 1, 'dispo'),
(402, 5, 'dispo'),
(402, 8, 'dispo'),
(402, 9, 'dispo'),
(402, 10, 'dispo'),
(402, 14, 'dispo'),
(402, 18, 'dispo'),
(402, 19, 'dispo'),
(402, 25, 'dispo'),
(402, 30, 'dispo'),
(403, 1, 'dispo'),
(403, 5, 'dispo'),
(403, 8, 'dispo'),
(403, 9, 'dispo'),
(403, 10, 'dispo'),
(403, 14, 'dispo'),
(403, 18, 'dispo'),
(403, 19, 'dispo'),
(403, 25, 'dispo'),
(403, 30, 'dispo'),
(404, 1, 'dispo'),
(404, 5, 'dispo'),
(404, 8, 'dispo'),
(404, 9, 'dispo'),
(404, 10, 'dispo'),
(404, 14, 'dispo'),
(404, 18, 'dispo'),
(404, 19, 'dispo'),
(404, 25, 'dispo'),
(404, 30, 'dispo'),
(405, 1, 'dispo'),
(405, 5, 'dispo'),
(405, 8, 'dispo'),
(405, 9, 'dispo'),
(405, 10, 'dispo'),
(405, 14, 'dispo'),
(405, 18, 'dispo'),
(405, 19, 'dispo'),
(405, 25, 'dispo'),
(405, 30, 'dispo'),
(406, 1, 'dispo'),
(406, 5, 'dispo'),
(406, 8, 'dispo'),
(406, 9, 'dispo'),
(406, 10, 'dispo'),
(406, 14, 'dispo'),
(406, 18, 'dispo'),
(406, 19, 'dispo'),
(406, 25, 'dispo'),
(406, 30, 'dispo'),
(407, 1, 'dispo'),
(407, 5, 'dispo'),
(407, 8, 'dispo'),
(407, 9, 'dispo'),
(407, 10, 'dispo'),
(407, 14, 'dispo'),
(407, 18, 'dispo'),
(407, 19, 'dispo'),
(407, 25, 'dispo'),
(407, 30, 'dispo'),
(408, 1, 'dispo'),
(408, 5, 'dispo'),
(408, 8, 'dispo'),
(408, 9, 'dispo'),
(408, 10, 'dispo'),
(408, 14, 'dispo'),
(408, 18, 'dispo'),
(408, 19, 'dispo'),
(408, 25, 'dispo'),
(408, 30, 'dispo'),
(409, 1, 'dispo'),
(409, 5, 'dispo'),
(409, 8, 'dispo'),
(409, 9, 'dispo'),
(409, 10, 'dispo'),
(409, 14, 'dispo'),
(409, 18, 'dispo'),
(409, 19, 'dispo'),
(409, 25, 'dispo'),
(409, 30, 'dispo'),
(410, 1, 'dispo'),
(410, 5, 'dispo'),
(410, 8, 'dispo'),
(410, 9, 'dispo'),
(410, 10, 'dispo'),
(410, 14, 'dispo'),
(410, 18, 'dispo'),
(410, 19, 'dispo'),
(410, 25, 'dispo'),
(410, 30, 'dispo'),
(411, 1, 'dispo'),
(411, 5, 'dispo'),
(411, 8, 'dispo'),
(411, 9, 'dispo'),
(411, 10, 'dispo'),
(411, 14, 'dispo'),
(411, 18, 'dispo'),
(411, 19, 'dispo'),
(411, 25, 'dispo'),
(411, 30, 'dispo'),
(412, 1, 'dispo'),
(412, 5, 'dispo'),
(412, 8, 'dispo'),
(412, 9, 'dispo'),
(412, 10, 'dispo'),
(412, 14, 'dispo'),
(412, 18, 'dispo'),
(412, 19, 'dispo'),
(412, 25, 'dispo'),
(412, 30, 'dispo'),
(413, 1, 'dispo'),
(413, 5, 'dispo'),
(413, 8, 'dispo'),
(413, 9, 'dispo'),
(413, 10, 'dispo'),
(413, 14, 'dispo'),
(413, 18, 'dispo'),
(413, 19, 'dispo'),
(413, 25, 'dispo'),
(413, 30, 'dispo'),
(414, 1, 'dispo'),
(414, 5, 'dispo'),
(414, 8, 'dispo'),
(414, 9, 'dispo'),
(414, 10, 'dispo'),
(414, 14, 'dispo'),
(414, 18, 'dispo'),
(414, 19, 'dispo'),
(414, 25, 'dispo'),
(414, 30, 'dispo'),
(415, 1, 'dispo'),
(415, 5, 'dispo'),
(415, 8, 'dispo'),
(415, 9, 'dispo'),
(415, 10, 'dispo'),
(415, 14, 'dispo'),
(415, 18, 'dispo'),
(415, 19, 'dispo'),
(415, 25, 'dispo'),
(415, 30, 'dispo'),
(416, 1, 'dispo'),
(416, 5, 'dispo'),
(416, 8, 'dispo'),
(416, 9, 'dispo'),
(416, 10, 'dispo'),
(416, 14, 'dispo'),
(416, 18, 'dispo'),
(416, 19, 'dispo'),
(416, 25, 'dispo'),
(416, 30, 'dispo'),
(417, 1, 'dispo'),
(417, 5, 'dispo'),
(417, 8, 'dispo'),
(417, 9, 'dispo'),
(417, 10, 'dispo'),
(417, 14, 'dispo'),
(417, 18, 'dispo'),
(417, 19, 'dispo'),
(417, 25, 'dispo'),
(417, 30, 'dispo'),
(418, 1, 'dispo'),
(418, 5, 'dispo'),
(418, 8, 'dispo'),
(418, 9, 'dispo'),
(418, 10, 'dispo'),
(418, 14, 'dispo'),
(418, 18, 'dispo'),
(418, 19, 'dispo'),
(418, 25, 'dispo'),
(418, 30, 'dispo'),
(419, 1, 'dispo'),
(419, 5, 'dispo'),
(419, 8, 'dispo'),
(419, 9, 'dispo'),
(419, 10, 'dispo'),
(419, 14, 'dispo'),
(419, 18, 'dispo'),
(419, 19, 'dispo'),
(419, 25, 'dispo'),
(419, 30, 'dispo'),
(420, 1, 'dispo'),
(420, 5, 'dispo'),
(420, 8, 'dispo'),
(420, 9, 'dispo'),
(420, 10, 'dispo'),
(420, 14, 'dispo'),
(420, 18, 'dispo'),
(420, 19, 'dispo'),
(420, 25, 'dispo'),
(420, 30, 'dispo'),
(421, 1, 'dispo'),
(421, 5, 'dispo'),
(421, 8, 'dispo'),
(421, 9, 'dispo'),
(421, 10, 'dispo'),
(421, 14, 'dispo'),
(421, 18, 'dispo'),
(421, 19, 'dispo'),
(421, 25, 'dispo'),
(421, 30, 'dispo'),
(422, 1, 'dispo'),
(422, 5, 'dispo'),
(422, 8, 'dispo'),
(422, 9, 'dispo'),
(422, 10, 'dispo'),
(422, 14, 'dispo'),
(422, 18, 'dispo'),
(422, 19, 'dispo'),
(422, 25, 'dispo'),
(422, 30, 'dispo'),
(423, 1, 'dispo'),
(423, 5, 'dispo'),
(423, 8, 'dispo'),
(423, 9, 'dispo'),
(423, 10, 'dispo'),
(423, 14, 'dispo'),
(423, 18, 'dispo'),
(423, 19, 'dispo'),
(423, 25, 'dispo'),
(423, 30, 'dispo'),
(424, 1, 'dispo'),
(424, 5, 'dispo'),
(424, 8, 'dispo'),
(424, 9, 'dispo'),
(424, 10, 'dispo'),
(424, 14, 'dispo'),
(424, 18, 'dispo'),
(424, 19, 'dispo'),
(424, 25, 'dispo'),
(424, 30, 'dispo'),
(425, 1, 'dispo'),
(425, 5, 'dispo'),
(425, 8, 'dispo'),
(425, 9, 'dispo'),
(425, 10, 'dispo'),
(425, 14, 'dispo'),
(425, 18, 'dispo'),
(425, 19, 'dispo'),
(425, 25, 'dispo'),
(425, 30, 'dispo'),
(426, 1, 'dispo'),
(426, 5, 'dispo'),
(426, 8, 'dispo'),
(426, 9, 'dispo'),
(426, 10, 'dispo'),
(426, 14, 'dispo'),
(426, 18, 'dispo'),
(426, 19, 'dispo'),
(426, 25, 'dispo'),
(426, 30, 'dispo'),
(427, 1, 'dispo'),
(427, 5, 'dispo'),
(427, 8, 'dispo'),
(427, 9, 'dispo'),
(427, 10, 'dispo'),
(427, 14, 'dispo'),
(427, 18, 'dispo'),
(427, 19, 'dispo'),
(427, 25, 'dispo'),
(427, 30, 'dispo'),
(428, 1, 'dispo'),
(428, 5, 'dispo'),
(428, 8, 'dispo'),
(428, 9, 'dispo'),
(428, 10, 'dispo'),
(428, 14, 'dispo'),
(428, 18, 'dispo'),
(428, 19, 'dispo'),
(428, 25, 'dispo'),
(428, 30, 'dispo'),
(429, 1, 'dispo'),
(429, 5, 'dispo'),
(429, 8, 'dispo'),
(429, 9, 'dispo'),
(429, 10, 'dispo'),
(429, 14, 'dispo'),
(429, 18, 'dispo'),
(429, 19, 'dispo'),
(429, 25, 'dispo'),
(429, 30, 'dispo'),
(430, 1, 'dispo'),
(430, 5, 'dispo'),
(430, 8, 'dispo'),
(430, 9, 'dispo'),
(430, 10, 'dispo'),
(430, 14, 'dispo'),
(430, 18, 'dispo'),
(430, 19, 'dispo'),
(430, 25, 'dispo'),
(430, 30, 'dispo'),
(431, 1, 'dispo'),
(431, 5, 'dispo'),
(431, 8, 'dispo'),
(431, 9, 'dispo'),
(431, 10, 'dispo'),
(431, 14, 'dispo'),
(431, 18, 'dispo'),
(431, 19, 'dispo'),
(431, 25, 'dispo'),
(431, 30, 'dispo'),
(432, 1, 'dispo'),
(432, 5, 'dispo'),
(432, 8, 'dispo'),
(432, 9, 'dispo'),
(432, 10, 'dispo'),
(432, 14, 'dispo'),
(432, 18, 'dispo'),
(432, 19, 'dispo'),
(432, 25, 'dispo'),
(432, 30, 'dispo'),
(433, 1, 'dispo'),
(433, 5, 'dispo'),
(433, 8, 'dispo'),
(433, 9, 'dispo'),
(433, 10, 'dispo'),
(433, 14, 'dispo'),
(433, 18, 'dispo'),
(433, 19, 'dispo'),
(433, 25, 'dispo'),
(433, 30, 'dispo'),
(434, 1, 'dispo'),
(434, 5, 'dispo'),
(434, 8, 'dispo'),
(434, 9, 'dispo'),
(434, 10, 'dispo'),
(434, 14, 'dispo'),
(434, 18, 'dispo'),
(434, 19, 'dispo'),
(434, 25, 'dispo'),
(434, 30, 'dispo'),
(435, 1, 'dispo'),
(435, 5, 'dispo'),
(435, 8, 'dispo'),
(435, 9, 'dispo'),
(435, 10, 'dispo'),
(435, 14, 'dispo'),
(435, 18, 'dispo'),
(435, 19, 'dispo'),
(435, 25, 'dispo'),
(435, 30, 'dispo'),
(436, 1, 'dispo'),
(436, 5, 'dispo'),
(436, 8, 'dispo'),
(436, 9, 'dispo'),
(436, 10, 'dispo'),
(436, 14, 'dispo'),
(436, 18, 'dispo'),
(436, 19, 'dispo'),
(436, 25, 'dispo'),
(436, 30, 'dispo'),
(437, 1, 'dispo'),
(437, 5, 'dispo'),
(437, 8, 'dispo'),
(437, 9, 'dispo'),
(437, 10, 'dispo'),
(437, 14, 'dispo'),
(437, 18, 'dispo'),
(437, 19, 'dispo'),
(437, 25, 'dispo'),
(437, 30, 'dispo'),
(438, 1, 'dispo'),
(438, 5, 'dispo'),
(438, 8, 'dispo'),
(438, 9, 'dispo'),
(438, 10, 'dispo'),
(438, 14, 'dispo'),
(438, 18, 'dispo'),
(438, 19, 'dispo'),
(438, 25, 'dispo'),
(438, 30, 'dispo'),
(439, 1, 'dispo'),
(439, 5, 'dispo'),
(439, 8, 'dispo'),
(439, 9, 'dispo'),
(439, 10, 'dispo'),
(439, 14, 'dispo'),
(439, 18, 'dispo'),
(439, 19, 'dispo'),
(439, 25, 'dispo'),
(439, 30, 'dispo'),
(440, 1, 'dispo'),
(440, 5, 'dispo'),
(440, 8, 'dispo'),
(440, 9, 'dispo'),
(440, 10, 'dispo'),
(440, 14, 'dispo'),
(440, 18, 'dispo'),
(440, 19, 'dispo'),
(440, 25, 'dispo'),
(440, 30, 'dispo'),
(441, 1, 'dispo'),
(441, 5, 'dispo'),
(441, 8, 'dispo'),
(441, 9, 'dispo'),
(441, 10, 'dispo'),
(441, 14, 'dispo'),
(441, 18, 'dispo'),
(441, 19, 'dispo'),
(441, 25, 'dispo'),
(441, 30, 'dispo'),
(442, 1, 'dispo'),
(442, 5, 'dispo'),
(442, 8, 'dispo'),
(442, 9, 'dispo'),
(442, 10, 'dispo'),
(442, 14, 'dispo'),
(442, 18, 'dispo'),
(442, 19, 'dispo'),
(442, 25, 'dispo'),
(442, 30, 'dispo'),
(443, 1, 'dispo'),
(443, 5, 'dispo'),
(443, 8, 'dispo'),
(443, 9, 'dispo'),
(443, 10, 'dispo'),
(443, 14, 'dispo'),
(443, 18, 'dispo'),
(443, 19, 'dispo'),
(443, 25, 'dispo'),
(443, 30, 'dispo'),
(444, 1, 'dispo'),
(444, 5, 'dispo'),
(444, 8, 'dispo'),
(444, 9, 'dispo'),
(444, 10, 'dispo'),
(444, 14, 'dispo'),
(444, 18, 'dispo'),
(444, 19, 'dispo'),
(444, 25, 'dispo'),
(444, 30, 'dispo'),
(445, 1, 'dispo'),
(445, 5, 'dispo'),
(445, 8, 'dispo'),
(445, 9, 'dispo'),
(445, 10, 'dispo'),
(445, 14, 'dispo'),
(445, 18, 'dispo'),
(445, 19, 'dispo'),
(445, 25, 'dispo'),
(445, 30, 'dispo'),
(446, 1, 'dispo'),
(446, 5, 'dispo'),
(446, 8, 'dispo'),
(446, 9, 'dispo'),
(446, 10, 'dispo'),
(446, 14, 'dispo'),
(446, 18, 'dispo'),
(446, 19, 'dispo'),
(446, 25, 'dispo'),
(446, 30, 'dispo'),
(447, 1, 'dispo'),
(447, 5, 'dispo'),
(447, 8, 'dispo'),
(447, 9, 'dispo'),
(447, 10, 'dispo'),
(447, 14, 'dispo'),
(447, 18, 'dispo'),
(447, 19, 'dispo'),
(447, 25, 'dispo'),
(447, 30, 'dispo'),
(448, 1, 'dispo'),
(448, 5, 'dispo'),
(448, 8, 'dispo'),
(448, 9, 'dispo'),
(448, 10, 'dispo'),
(448, 14, 'dispo'),
(448, 18, 'dispo'),
(448, 19, 'dispo'),
(448, 25, 'dispo'),
(448, 30, 'dispo'),
(449, 1, 'dispo'),
(449, 5, 'dispo'),
(449, 8, 'dispo'),
(449, 9, 'dispo'),
(449, 10, 'dispo'),
(449, 14, 'dispo'),
(449, 18, 'dispo'),
(449, 19, 'dispo'),
(449, 25, 'dispo'),
(449, 30, 'dispo'),
(450, 1, 'dispo'),
(450, 5, 'dispo'),
(450, 8, 'dispo'),
(450, 9, 'dispo'),
(450, 10, 'dispo'),
(450, 14, 'dispo'),
(450, 18, 'dispo'),
(450, 19, 'dispo'),
(450, 25, 'dispo'),
(450, 30, 'dispo'),
(451, 1, 'dispo'),
(451, 5, 'dispo'),
(451, 8, 'dispo'),
(451, 9, 'dispo'),
(451, 10, 'dispo'),
(451, 14, 'dispo'),
(451, 18, 'dispo'),
(451, 19, 'dispo'),
(451, 25, 'dispo'),
(451, 30, 'dispo'),
(452, 1, 'dispo'),
(452, 5, 'dispo'),
(452, 8, 'dispo'),
(452, 9, 'dispo'),
(452, 10, 'dispo'),
(452, 14, 'dispo'),
(452, 18, 'dispo'),
(452, 19, 'dispo'),
(452, 25, 'dispo'),
(452, 30, 'dispo'),
(453, 1, 'dispo'),
(453, 5, 'dispo'),
(453, 8, 'dispo'),
(453, 9, 'dispo'),
(453, 10, 'dispo'),
(453, 14, 'dispo'),
(453, 18, 'dispo'),
(453, 19, 'dispo'),
(453, 25, 'dispo'),
(453, 30, 'dispo'),
(454, 1, 'dispo'),
(454, 5, 'dispo'),
(454, 8, 'dispo'),
(454, 9, 'dispo'),
(454, 10, 'dispo'),
(454, 14, 'dispo'),
(454, 18, 'dispo'),
(454, 19, 'dispo'),
(454, 25, 'dispo'),
(454, 30, 'dispo'),
(455, 1, 'dispo'),
(455, 5, 'dispo'),
(455, 8, 'dispo'),
(455, 9, 'dispo'),
(455, 10, 'dispo'),
(455, 14, 'dispo'),
(455, 18, 'dispo'),
(455, 19, 'dispo'),
(455, 25, 'dispo'),
(455, 30, 'dispo'),
(456, 1, 'dispo'),
(456, 5, 'dispo'),
(456, 8, 'dispo'),
(456, 9, 'dispo'),
(456, 10, 'dispo'),
(456, 14, 'dispo'),
(456, 18, 'dispo'),
(456, 19, 'dispo'),
(456, 25, 'dispo'),
(456, 30, 'dispo'),
(457, 1, 'dispo'),
(457, 5, 'dispo'),
(457, 8, 'dispo'),
(457, 9, 'dispo'),
(457, 10, 'dispo'),
(457, 14, 'dispo'),
(457, 18, 'dispo'),
(457, 19, 'dispo'),
(457, 25, 'dispo'),
(457, 30, 'dispo'),
(458, 1, 'dispo'),
(458, 5, 'dispo'),
(458, 8, 'dispo'),
(458, 9, 'dispo'),
(458, 10, 'dispo'),
(458, 14, 'dispo'),
(458, 18, 'dispo'),
(458, 19, 'dispo'),
(458, 25, 'dispo'),
(458, 30, 'dispo'),
(459, 1, 'dispo'),
(459, 5, 'dispo'),
(459, 8, 'dispo'),
(459, 9, 'dispo'),
(459, 10, 'dispo'),
(459, 14, 'dispo'),
(459, 18, 'dispo'),
(459, 19, 'dispo'),
(459, 25, 'dispo'),
(459, 30, 'dispo'),
(460, 1, 'dispo'),
(460, 5, 'dispo'),
(460, 8, 'dispo'),
(460, 9, 'dispo'),
(460, 10, 'dispo'),
(460, 14, 'dispo'),
(460, 18, 'dispo'),
(460, 19, 'dispo'),
(460, 25, 'dispo'),
(460, 30, 'dispo'),
(461, 1, 'dispo'),
(461, 5, 'dispo'),
(461, 8, 'dispo'),
(461, 9, 'dispo'),
(461, 10, 'dispo'),
(461, 14, 'dispo'),
(461, 18, 'dispo'),
(461, 19, 'dispo'),
(461, 25, 'dispo'),
(461, 30, 'dispo'),
(462, 1, 'dispo'),
(462, 5, 'dispo'),
(462, 8, 'dispo'),
(462, 9, 'dispo'),
(462, 10, 'dispo'),
(462, 14, 'dispo'),
(462, 18, 'dispo'),
(462, 19, 'dispo'),
(462, 25, 'dispo'),
(462, 30, 'dispo'),
(463, 1, 'dispo'),
(463, 5, 'dispo'),
(463, 8, 'dispo'),
(463, 9, 'dispo'),
(463, 10, 'dispo'),
(463, 14, 'dispo'),
(463, 18, 'dispo'),
(463, 19, 'dispo'),
(463, 25, 'dispo'),
(463, 30, 'dispo'),
(464, 1, 'dispo'),
(464, 5, 'dispo'),
(464, 8, 'dispo'),
(464, 9, 'dispo'),
(464, 10, 'dispo'),
(464, 14, 'dispo'),
(464, 18, 'dispo'),
(464, 19, 'dispo'),
(464, 25, 'dispo'),
(464, 30, 'dispo'),
(465, 1, 'dispo'),
(465, 5, 'dispo'),
(465, 8, 'dispo'),
(465, 9, 'dispo'),
(465, 10, 'dispo'),
(465, 14, 'dispo'),
(465, 18, 'dispo'),
(465, 19, 'dispo'),
(465, 25, 'dispo'),
(465, 30, 'dispo'),
(466, 1, 'dispo'),
(466, 5, 'dispo'),
(466, 8, 'dispo'),
(466, 9, 'dispo'),
(466, 10, 'dispo'),
(466, 14, 'dispo'),
(466, 18, 'dispo'),
(466, 19, 'dispo'),
(466, 25, 'dispo'),
(466, 30, 'dispo'),
(467, 1, 'dispo'),
(467, 5, 'dispo'),
(467, 8, 'dispo'),
(467, 9, 'dispo'),
(467, 10, 'dispo'),
(467, 14, 'dispo'),
(467, 18, 'dispo'),
(467, 19, 'dispo'),
(467, 25, 'dispo'),
(467, 30, 'dispo'),
(468, 1, 'dispo'),
(468, 5, 'dispo'),
(468, 8, 'dispo'),
(468, 9, 'dispo'),
(468, 10, 'dispo'),
(468, 14, 'dispo'),
(468, 18, 'dispo'),
(468, 19, 'dispo'),
(468, 25, 'dispo'),
(468, 30, 'dispo'),
(469, 1, 'dispo'),
(469, 5, 'dispo'),
(469, 8, 'dispo'),
(469, 9, 'dispo'),
(469, 10, 'dispo'),
(469, 14, 'dispo'),
(469, 18, 'dispo'),
(469, 19, 'dispo'),
(469, 25, 'dispo'),
(469, 30, 'dispo'),
(470, 1, 'dispo'),
(470, 5, 'dispo'),
(470, 8, 'dispo'),
(470, 9, 'dispo'),
(470, 10, 'dispo'),
(470, 14, 'dispo'),
(470, 18, 'dispo'),
(470, 19, 'dispo'),
(470, 25, 'dispo'),
(470, 30, 'dispo'),
(471, 1, 'dispo'),
(471, 5, 'dispo'),
(471, 8, 'dispo'),
(471, 9, 'dispo'),
(471, 10, 'dispo'),
(471, 14, 'dispo'),
(471, 18, 'dispo'),
(471, 19, 'dispo'),
(471, 25, 'dispo'),
(471, 30, 'dispo'),
(472, 1, 'dispo'),
(472, 5, 'dispo'),
(472, 8, 'dispo'),
(472, 9, 'dispo'),
(472, 10, 'dispo'),
(472, 14, 'dispo'),
(472, 18, 'dispo'),
(472, 19, 'dispo'),
(472, 25, 'dispo'),
(472, 30, 'dispo'),
(473, 1, 'dispo'),
(473, 5, 'dispo'),
(473, 8, 'dispo'),
(473, 9, 'dispo'),
(473, 10, 'dispo'),
(473, 14, 'dispo'),
(473, 18, 'dispo'),
(473, 19, 'dispo'),
(473, 25, 'dispo'),
(473, 30, 'dispo'),
(474, 1, 'dispo'),
(474, 5, 'dispo'),
(474, 8, 'dispo'),
(474, 9, 'dispo'),
(474, 10, 'dispo'),
(474, 14, 'dispo'),
(474, 18, 'dispo'),
(474, 19, 'dispo'),
(474, 25, 'dispo'),
(474, 30, 'dispo'),
(475, 1, 'dispo'),
(475, 5, 'dispo'),
(475, 8, 'dispo'),
(475, 9, 'dispo'),
(475, 10, 'dispo'),
(475, 14, 'dispo'),
(475, 18, 'dispo'),
(475, 19, 'dispo'),
(475, 25, 'dispo'),
(475, 30, 'dispo'),
(476, 1, 'dispo'),
(476, 5, 'dispo'),
(476, 8, 'dispo'),
(476, 9, 'dispo'),
(476, 10, 'dispo'),
(476, 14, 'dispo'),
(476, 18, 'dispo'),
(476, 19, 'dispo'),
(476, 25, 'dispo'),
(476, 30, 'dispo'),
(477, 1, 'dispo'),
(477, 5, 'dispo'),
(477, 8, 'dispo'),
(477, 9, 'dispo'),
(477, 10, 'dispo'),
(477, 14, 'dispo'),
(477, 18, 'dispo'),
(477, 19, 'dispo'),
(477, 25, 'dispo'),
(477, 30, 'dispo'),
(478, 1, 'dispo'),
(478, 5, 'dispo'),
(478, 8, 'dispo'),
(478, 9, 'dispo'),
(478, 10, 'dispo'),
(478, 14, 'dispo'),
(478, 18, 'dispo'),
(478, 19, 'dispo'),
(478, 25, 'dispo'),
(478, 30, 'dispo'),
(479, 1, 'dispo'),
(479, 5, 'dispo'),
(479, 8, 'dispo'),
(479, 9, 'dispo'),
(479, 10, 'dispo'),
(479, 14, 'dispo'),
(479, 18, 'dispo'),
(479, 19, 'dispo'),
(479, 25, 'dispo'),
(479, 30, 'dispo'),
(480, 1, 'dispo'),
(480, 5, 'dispo'),
(480, 8, 'dispo'),
(480, 9, 'dispo'),
(480, 10, 'dispo'),
(480, 14, 'dispo'),
(480, 18, 'dispo'),
(480, 19, 'dispo'),
(480, 25, 'dispo'),
(480, 30, 'dispo'),
(481, 1, 'dispo'),
(481, 5, 'dispo'),
(481, 8, 'dispo'),
(481, 9, 'dispo'),
(481, 10, 'dispo'),
(481, 14, 'dispo'),
(481, 18, 'dispo'),
(481, 19, 'dispo'),
(481, 25, 'dispo'),
(481, 30, 'dispo'),
(482, 1, 'dispo'),
(482, 5, 'dispo'),
(482, 8, 'dispo'),
(482, 9, 'dispo'),
(482, 10, 'dispo'),
(482, 14, 'dispo'),
(482, 18, 'dispo'),
(482, 19, 'dispo'),
(482, 25, 'dispo'),
(482, 30, 'dispo'),
(483, 1, 'dispo'),
(483, 5, 'dispo'),
(483, 8, 'dispo'),
(483, 9, 'dispo'),
(483, 10, 'dispo'),
(483, 14, 'dispo'),
(483, 18, 'dispo'),
(483, 19, 'dispo'),
(483, 25, 'dispo'),
(483, 30, 'dispo'),
(484, 1, 'dispo'),
(484, 5, 'dispo'),
(484, 8, 'dispo'),
(484, 9, 'dispo'),
(484, 10, 'dispo'),
(484, 14, 'dispo'),
(484, 18, 'dispo'),
(484, 19, 'dispo'),
(484, 25, 'dispo'),
(484, 30, 'dispo'),
(485, 1, 'dispo'),
(485, 5, 'dispo'),
(485, 8, 'dispo'),
(485, 9, 'dispo'),
(485, 10, 'dispo'),
(485, 14, 'dispo'),
(485, 18, 'dispo'),
(485, 19, 'dispo'),
(485, 25, 'dispo'),
(485, 30, 'dispo'),
(486, 1, 'dispo'),
(486, 5, 'dispo'),
(486, 8, 'dispo'),
(486, 9, 'dispo'),
(486, 10, 'dispo'),
(486, 14, 'dispo'),
(486, 18, 'dispo'),
(486, 19, 'dispo'),
(486, 25, 'dispo'),
(486, 30, 'dispo'),
(487, 1, 'dispo'),
(487, 5, 'dispo'),
(487, 8, 'dispo'),
(487, 9, 'dispo'),
(487, 10, 'dispo'),
(487, 14, 'dispo'),
(487, 18, 'dispo'),
(487, 19, 'dispo'),
(487, 25, 'dispo'),
(487, 30, 'dispo'),
(488, 1, 'dispo'),
(488, 5, 'dispo'),
(488, 8, 'dispo'),
(488, 9, 'dispo'),
(488, 10, 'dispo'),
(488, 14, 'dispo'),
(488, 18, 'dispo'),
(488, 19, 'dispo'),
(488, 25, 'dispo'),
(488, 30, 'dispo'),
(489, 1, 'dispo'),
(489, 5, 'dispo'),
(489, 8, 'dispo'),
(489, 9, 'dispo'),
(489, 10, 'dispo'),
(489, 14, 'dispo'),
(489, 18, 'dispo'),
(489, 19, 'dispo'),
(489, 25, 'dispo'),
(489, 30, 'dispo'),
(490, 1, 'dispo'),
(490, 5, 'dispo'),
(490, 8, 'dispo'),
(490, 9, 'dispo'),
(490, 10, 'dispo'),
(490, 14, 'dispo'),
(490, 18, 'dispo'),
(490, 19, 'dispo'),
(490, 25, 'dispo'),
(490, 30, 'dispo'),
(491, 1, 'dispo'),
(491, 5, 'dispo'),
(491, 8, 'dispo'),
(491, 9, 'dispo'),
(491, 10, 'dispo'),
(491, 14, 'dispo'),
(491, 18, 'dispo'),
(491, 19, 'dispo'),
(491, 25, 'dispo'),
(491, 30, 'dispo'),
(492, 1, 'dispo'),
(492, 5, 'dispo'),
(492, 8, 'dispo'),
(492, 9, 'dispo'),
(492, 10, 'dispo'),
(492, 14, 'dispo'),
(492, 18, 'dispo'),
(492, 19, 'dispo'),
(492, 25, 'dispo'),
(492, 30, 'dispo'),
(493, 1, 'dispo'),
(493, 5, 'dispo'),
(493, 8, 'dispo'),
(493, 9, 'dispo'),
(493, 10, 'dispo'),
(493, 14, 'dispo'),
(493, 18, 'dispo'),
(493, 19, 'dispo'),
(493, 25, 'dispo'),
(493, 30, 'dispo'),
(494, 1, 'dispo'),
(494, 5, 'dispo'),
(494, 8, 'dispo'),
(494, 9, 'dispo'),
(494, 10, 'dispo'),
(494, 14, 'dispo'),
(494, 18, 'dispo'),
(494, 19, 'dispo'),
(494, 25, 'dispo'),
(494, 30, 'dispo'),
(495, 1, 'dispo'),
(495, 5, 'dispo'),
(495, 8, 'dispo'),
(495, 9, 'dispo'),
(495, 10, 'dispo'),
(495, 14, 'dispo'),
(495, 18, 'dispo'),
(495, 19, 'dispo'),
(495, 25, 'dispo'),
(495, 30, 'dispo'),
(496, 1, 'dispo'),
(496, 5, 'dispo'),
(496, 8, 'dispo'),
(496, 9, 'dispo'),
(496, 10, 'dispo'),
(496, 14, 'dispo'),
(496, 18, 'dispo'),
(496, 19, 'dispo'),
(496, 25, 'dispo'),
(496, 30, 'dispo'),
(497, 1, 'dispo'),
(497, 5, 'dispo'),
(497, 8, 'dispo'),
(497, 9, 'dispo'),
(497, 10, 'dispo'),
(497, 14, 'dispo'),
(497, 18, 'dispo'),
(497, 19, 'dispo'),
(497, 25, 'dispo'),
(497, 30, 'dispo'),
(498, 1, 'dispo'),
(498, 5, 'dispo'),
(498, 8, 'dispo'),
(498, 9, 'dispo'),
(498, 10, 'dispo'),
(498, 14, 'dispo'),
(498, 18, 'dispo'),
(498, 19, 'dispo'),
(498, 25, 'dispo'),
(498, 30, 'dispo'),
(499, 1, 'dispo'),
(499, 5, 'dispo'),
(499, 8, 'dispo'),
(499, 9, 'dispo'),
(499, 10, 'dispo'),
(499, 14, 'dispo'),
(499, 18, 'dispo'),
(499, 19, 'dispo'),
(499, 25, 'dispo'),
(499, 30, 'dispo'),
(500, 1, 'dispo'),
(500, 5, 'dispo'),
(500, 8, 'dispo'),
(500, 9, 'dispo'),
(500, 10, 'dispo'),
(500, 14, 'dispo'),
(500, 18, 'dispo'),
(500, 19, 'dispo'),
(500, 25, 'dispo'),
(500, 30, 'dispo'),
(501, 1, 'dispo'),
(501, 5, 'dispo'),
(501, 8, 'dispo'),
(501, 9, 'dispo'),
(501, 10, 'dispo'),
(501, 14, 'dispo'),
(501, 18, 'dispo'),
(501, 19, 'dispo'),
(501, 25, 'dispo'),
(501, 30, 'dispo'),
(502, 1, 'dispo'),
(502, 5, 'dispo'),
(502, 8, 'dispo'),
(502, 9, 'dispo'),
(502, 10, 'dispo'),
(502, 14, 'dispo'),
(502, 18, 'dispo'),
(502, 19, 'dispo'),
(502, 25, 'dispo'),
(502, 30, 'dispo'),
(503, 1, 'dispo'),
(503, 5, 'dispo'),
(503, 8, 'dispo'),
(503, 9, 'dispo'),
(503, 10, 'dispo'),
(503, 14, 'dispo'),
(503, 18, 'dispo'),
(503, 19, 'dispo'),
(503, 25, 'dispo'),
(503, 30, 'dispo'),
(504, 1, 'dispo'),
(504, 5, 'dispo'),
(504, 8, 'dispo'),
(504, 9, 'dispo'),
(504, 10, 'dispo'),
(504, 14, 'dispo'),
(504, 18, 'dispo'),
(504, 19, 'dispo'),
(504, 25, 'dispo'),
(504, 30, 'dispo'),
(505, 1, 'dispo'),
(505, 5, 'dispo'),
(505, 8, 'dispo'),
(505, 9, 'dispo'),
(505, 10, 'dispo'),
(505, 14, 'dispo'),
(505, 18, 'dispo'),
(505, 19, 'dispo'),
(505, 25, 'dispo'),
(505, 30, 'dispo'),
(506, 1, 'dispo'),
(506, 5, 'dispo'),
(506, 8, 'dispo'),
(506, 9, 'dispo'),
(506, 10, 'dispo'),
(506, 14, 'dispo'),
(506, 18, 'dispo'),
(506, 19, 'dispo'),
(506, 25, 'dispo'),
(506, 30, 'dispo'),
(507, 1, 'dispo'),
(507, 5, 'dispo'),
(507, 8, 'dispo'),
(507, 9, 'dispo'),
(507, 10, 'dispo'),
(507, 14, 'dispo'),
(507, 18, 'dispo'),
(507, 19, 'dispo'),
(507, 25, 'dispo'),
(507, 30, 'dispo'),
(508, 1, 'dispo'),
(508, 5, 'dispo'),
(508, 8, 'dispo'),
(508, 9, 'dispo'),
(508, 10, 'dispo'),
(508, 14, 'dispo'),
(508, 18, 'dispo'),
(508, 19, 'dispo'),
(508, 25, 'dispo'),
(508, 30, 'dispo'),
(509, 1, 'dispo'),
(509, 5, 'dispo'),
(509, 8, 'dispo'),
(509, 9, 'dispo'),
(509, 10, 'dispo'),
(509, 14, 'dispo'),
(509, 18, 'dispo'),
(509, 19, 'dispo'),
(509, 25, 'dispo'),
(509, 30, 'dispo'),
(510, 1, 'dispo'),
(510, 5, 'dispo'),
(510, 8, 'dispo'),
(510, 9, 'dispo'),
(510, 10, 'dispo'),
(510, 14, 'dispo'),
(510, 18, 'dispo'),
(510, 19, 'dispo'),
(510, 25, 'dispo'),
(510, 30, 'dispo'),
(511, 1, 'dispo'),
(511, 5, 'dispo'),
(511, 8, 'dispo'),
(511, 9, 'dispo'),
(511, 10, 'dispo'),
(511, 14, 'dispo'),
(511, 18, 'dispo'),
(511, 19, 'dispo'),
(511, 25, 'dispo'),
(511, 30, 'dispo'),
(512, 1, 'dispo'),
(512, 5, 'dispo'),
(512, 8, 'dispo'),
(512, 9, 'dispo'),
(512, 10, 'dispo'),
(512, 14, 'dispo'),
(512, 18, 'dispo'),
(512, 19, 'dispo'),
(512, 25, 'dispo'),
(512, 30, 'dispo'),
(513, 1, 'dispo'),
(513, 5, 'dispo'),
(513, 8, 'dispo'),
(513, 9, 'dispo'),
(513, 10, 'dispo'),
(513, 14, 'dispo'),
(513, 18, 'dispo'),
(513, 19, 'dispo'),
(513, 25, 'dispo'),
(513, 30, 'dispo'),
(514, 1, 'dispo'),
(514, 5, 'dispo'),
(514, 8, 'dispo'),
(514, 9, 'dispo'),
(514, 10, 'dispo'),
(514, 14, 'dispo'),
(514, 18, 'dispo'),
(514, 19, 'dispo'),
(514, 25, 'dispo'),
(514, 30, 'dispo'),
(515, 1, 'dispo'),
(515, 5, 'dispo'),
(515, 8, 'dispo'),
(515, 9, 'dispo'),
(515, 10, 'dispo'),
(515, 14, 'dispo'),
(515, 18, 'dispo'),
(515, 19, 'dispo'),
(515, 25, 'dispo'),
(515, 30, 'dispo'),
(516, 1, 'dispo'),
(516, 5, 'dispo'),
(516, 8, 'dispo'),
(516, 9, 'dispo'),
(516, 10, 'dispo'),
(516, 14, 'dispo'),
(516, 18, 'dispo'),
(516, 19, 'dispo'),
(516, 25, 'dispo'),
(516, 30, 'dispo'),
(517, 1, 'dispo'),
(517, 5, 'dispo'),
(517, 8, 'dispo'),
(517, 9, 'dispo'),
(517, 10, 'dispo'),
(517, 14, 'dispo'),
(517, 18, 'dispo'),
(517, 19, 'dispo'),
(517, 25, 'dispo'),
(517, 30, 'dispo'),
(518, 1, 'dispo'),
(518, 5, 'dispo'),
(518, 8, 'dispo'),
(518, 9, 'dispo'),
(518, 10, 'dispo'),
(518, 14, 'dispo'),
(518, 18, 'dispo'),
(518, 19, 'dispo'),
(518, 25, 'dispo'),
(518, 30, 'dispo'),
(519, 1, 'dispo'),
(519, 5, 'dispo'),
(519, 8, 'dispo'),
(519, 9, 'dispo'),
(519, 10, 'dispo'),
(519, 14, 'dispo'),
(519, 18, 'dispo'),
(519, 19, 'dispo'),
(519, 25, 'dispo'),
(519, 30, 'dispo'),
(520, 1, 'dispo'),
(520, 5, 'dispo'),
(520, 8, 'dispo'),
(520, 9, 'dispo'),
(520, 10, 'dispo'),
(520, 14, 'dispo'),
(520, 18, 'dispo'),
(520, 19, 'dispo'),
(520, 25, 'dispo'),
(520, 30, 'dispo'),
(521, 1, 'dispo'),
(521, 5, 'dispo'),
(521, 8, 'dispo'),
(521, 9, 'dispo'),
(521, 10, 'dispo'),
(521, 14, 'dispo'),
(521, 18, 'dispo'),
(521, 19, 'dispo'),
(521, 25, 'dispo'),
(521, 30, 'dispo'),
(522, 1, 'dispo'),
(522, 5, 'dispo'),
(522, 8, 'dispo'),
(522, 9, 'dispo'),
(522, 10, 'dispo'),
(522, 14, 'dispo'),
(522, 18, 'dispo'),
(522, 19, 'dispo'),
(522, 25, 'dispo'),
(522, 30, 'dispo'),
(523, 1, 'dispo'),
(523, 5, 'dispo'),
(523, 8, 'dispo'),
(523, 9, 'dispo'),
(523, 10, 'dispo'),
(523, 14, 'dispo'),
(523, 18, 'dispo'),
(523, 19, 'dispo'),
(523, 25, 'dispo'),
(523, 30, 'dispo'),
(524, 1, 'dispo'),
(524, 5, 'dispo'),
(524, 8, 'dispo'),
(524, 9, 'dispo'),
(524, 10, 'dispo'),
(524, 14, 'dispo'),
(524, 18, 'dispo'),
(524, 19, 'dispo'),
(524, 25, 'dispo'),
(524, 30, 'dispo'),
(525, 1, 'dispo'),
(525, 5, 'dispo'),
(525, 8, 'dispo'),
(525, 9, 'dispo'),
(525, 10, 'dispo'),
(525, 14, 'dispo'),
(525, 18, 'dispo'),
(525, 19, 'dispo'),
(525, 25, 'dispo'),
(525, 30, 'dispo'),
(526, 1, 'dispo'),
(526, 5, 'dispo'),
(526, 8, 'dispo'),
(526, 9, 'dispo'),
(526, 10, 'dispo'),
(526, 14, 'dispo'),
(526, 18, 'dispo'),
(526, 19, 'dispo'),
(526, 25, 'dispo'),
(526, 30, 'dispo'),
(527, 1, 'dispo'),
(527, 5, 'dispo'),
(527, 8, 'dispo'),
(527, 9, 'dispo'),
(527, 10, 'dispo'),
(527, 14, 'dispo'),
(527, 18, 'dispo'),
(527, 19, 'dispo'),
(527, 25, 'dispo'),
(527, 30, 'dispo'),
(528, 1, 'dispo'),
(528, 5, 'dispo'),
(528, 8, 'dispo'),
(528, 9, 'dispo'),
(528, 10, 'dispo'),
(528, 14, 'dispo'),
(528, 18, 'dispo'),
(528, 19, 'dispo'),
(528, 25, 'dispo'),
(528, 30, 'dispo'),
(529, 1, 'dispo'),
(529, 5, 'dispo'),
(529, 8, 'dispo'),
(529, 9, 'dispo'),
(529, 10, 'dispo'),
(529, 14, 'dispo'),
(529, 18, 'dispo'),
(529, 19, 'dispo'),
(529, 25, 'dispo'),
(529, 30, 'dispo'),
(530, 1, 'dispo'),
(530, 5, 'dispo'),
(530, 8, 'dispo'),
(530, 9, 'dispo'),
(530, 10, 'dispo'),
(530, 14, 'dispo'),
(530, 18, 'dispo'),
(530, 19, 'dispo'),
(530, 25, 'dispo'),
(530, 30, 'dispo'),
(531, 1, 'dispo'),
(531, 5, 'dispo'),
(531, 8, 'dispo'),
(531, 9, 'dispo'),
(531, 10, 'dispo'),
(531, 14, 'dispo'),
(531, 18, 'dispo'),
(531, 19, 'dispo'),
(531, 25, 'dispo'),
(531, 30, 'dispo'),
(532, 1, 'dispo'),
(532, 5, 'dispo'),
(532, 8, 'dispo'),
(532, 9, 'dispo'),
(532, 10, 'dispo'),
(532, 14, 'dispo'),
(532, 18, 'dispo'),
(532, 19, 'dispo'),
(532, 25, 'dispo'),
(532, 30, 'dispo'),
(533, 1, 'dispo'),
(533, 5, 'dispo'),
(533, 8, 'dispo'),
(533, 9, 'dispo'),
(533, 10, 'dispo'),
(533, 14, 'dispo'),
(533, 18, 'dispo'),
(533, 19, 'dispo'),
(533, 25, 'dispo'),
(533, 30, 'dispo'),
(534, 1, 'dispo'),
(534, 5, 'dispo'),
(534, 8, 'dispo'),
(534, 9, 'dispo'),
(534, 10, 'dispo'),
(534, 14, 'dispo'),
(534, 18, 'dispo'),
(534, 19, 'dispo'),
(534, 25, 'dispo'),
(534, 30, 'dispo'),
(535, 1, 'dispo'),
(535, 5, 'dispo'),
(535, 8, 'dispo'),
(535, 9, 'dispo'),
(535, 10, 'dispo'),
(535, 14, 'dispo'),
(535, 18, 'dispo'),
(535, 19, 'dispo'),
(535, 25, 'dispo'),
(535, 30, 'dispo'),
(536, 1, 'dispo'),
(536, 5, 'dispo'),
(536, 8, 'dispo'),
(536, 9, 'dispo'),
(536, 10, 'dispo'),
(536, 14, 'dispo'),
(536, 18, 'dispo'),
(536, 19, 'dispo'),
(536, 25, 'dispo'),
(536, 30, 'dispo'),
(537, 1, 'dispo'),
(537, 5, 'dispo'),
(537, 8, 'dispo'),
(537, 9, 'dispo'),
(537, 10, 'dispo'),
(537, 14, 'dispo'),
(537, 18, 'dispo'),
(537, 19, 'dispo'),
(537, 25, 'dispo'),
(537, 30, 'dispo'),
(538, 1, 'dispo'),
(538, 5, 'dispo'),
(538, 8, 'dispo'),
(538, 9, 'dispo'),
(538, 10, 'dispo'),
(538, 14, 'dispo'),
(538, 18, 'dispo'),
(538, 19, 'dispo'),
(538, 25, 'dispo'),
(538, 30, 'dispo'),
(539, 1, 'dispo'),
(539, 5, 'dispo'),
(539, 8, 'dispo'),
(539, 9, 'dispo'),
(539, 10, 'dispo'),
(539, 14, 'dispo'),
(539, 18, 'dispo'),
(539, 19, 'dispo'),
(539, 25, 'dispo'),
(539, 30, 'dispo'),
(540, 1, 'dispo'),
(540, 5, 'dispo'),
(540, 8, 'dispo'),
(540, 9, 'dispo'),
(540, 10, 'dispo'),
(540, 14, 'dispo'),
(540, 18, 'dispo'),
(540, 19, 'dispo'),
(540, 25, 'dispo'),
(540, 30, 'dispo'),
(541, 1, 'dispo'),
(541, 5, 'dispo'),
(541, 8, 'dispo'),
(541, 9, 'dispo'),
(541, 10, 'dispo'),
(541, 14, 'dispo'),
(541, 18, 'dispo'),
(541, 19, 'dispo'),
(541, 25, 'dispo'),
(541, 30, 'dispo'),
(542, 1, 'dispo'),
(542, 5, 'dispo'),
(542, 8, 'dispo'),
(542, 9, 'dispo'),
(542, 10, 'dispo'),
(542, 14, 'dispo'),
(542, 18, 'dispo'),
(542, 19, 'dispo'),
(542, 25, 'dispo'),
(542, 30, 'dispo'),
(543, 1, 'dispo'),
(543, 5, 'dispo'),
(543, 8, 'dispo'),
(543, 9, 'dispo'),
(543, 10, 'dispo'),
(543, 14, 'dispo'),
(543, 18, 'dispo'),
(543, 19, 'dispo'),
(543, 25, 'dispo'),
(543, 30, 'dispo'),
(544, 1, 'dispo'),
(544, 5, 'dispo'),
(544, 8, 'dispo'),
(544, 9, 'dispo'),
(544, 10, 'dispo'),
(544, 14, 'dispo'),
(544, 18, 'dispo'),
(544, 19, 'dispo'),
(544, 25, 'dispo'),
(544, 30, 'dispo'),
(545, 1, 'dispo'),
(545, 5, 'dispo'),
(545, 8, 'dispo'),
(545, 9, 'dispo'),
(545, 10, 'dispo'),
(545, 14, 'dispo'),
(545, 18, 'dispo'),
(545, 19, 'dispo'),
(545, 25, 'dispo'),
(545, 30, 'dispo'),
(546, 1, 'dispo'),
(546, 5, 'dispo'),
(546, 8, 'dispo'),
(546, 9, 'dispo'),
(546, 10, 'dispo'),
(546, 14, 'dispo'),
(546, 18, 'dispo'),
(546, 19, 'dispo'),
(546, 25, 'dispo'),
(546, 30, 'dispo'),
(547, 1, 'dispo'),
(547, 5, 'dispo'),
(547, 8, 'dispo'),
(547, 9, 'dispo'),
(547, 10, 'dispo'),
(547, 14, 'dispo'),
(547, 18, 'dispo'),
(547, 19, 'dispo'),
(547, 25, 'dispo'),
(547, 30, 'dispo'),
(548, 1, 'dispo'),
(548, 5, 'dispo'),
(548, 8, 'dispo'),
(548, 9, 'dispo'),
(548, 10, 'dispo'),
(548, 14, 'dispo'),
(548, 18, 'dispo'),
(548, 19, 'dispo'),
(548, 25, 'dispo'),
(548, 30, 'dispo'),
(549, 1, 'dispo'),
(549, 5, 'dispo'),
(549, 8, 'dispo'),
(549, 9, 'dispo'),
(549, 10, 'dispo'),
(549, 14, 'dispo'),
(549, 18, 'dispo'),
(549, 19, 'dispo'),
(549, 25, 'dispo'),
(549, 30, 'dispo'),
(550, 1, 'dispo'),
(550, 5, 'dispo'),
(550, 8, 'dispo'),
(550, 9, 'dispo'),
(550, 10, 'dispo'),
(550, 14, 'dispo'),
(550, 18, 'dispo'),
(550, 19, 'dispo'),
(550, 25, 'dispo'),
(550, 30, 'dispo'),
(551, 1, 'dispo'),
(551, 5, 'dispo'),
(551, 8, 'dispo'),
(551, 9, 'dispo'),
(551, 10, 'dispo'),
(551, 14, 'dispo'),
(551, 18, 'dispo'),
(551, 19, 'dispo'),
(551, 25, 'dispo'),
(551, 30, 'dispo'),
(552, 1, 'dispo'),
(552, 5, 'dispo'),
(552, 8, 'dispo'),
(552, 9, 'dispo'),
(552, 10, 'dispo'),
(552, 14, 'dispo'),
(552, 18, 'dispo'),
(552, 19, 'dispo'),
(552, 25, 'dispo'),
(552, 30, 'dispo'),
(553, 1, 'dispo'),
(553, 5, 'dispo'),
(553, 8, 'dispo'),
(553, 9, 'dispo'),
(553, 10, 'dispo'),
(553, 14, 'dispo'),
(553, 18, 'dispo'),
(553, 19, 'dispo'),
(553, 25, 'dispo'),
(553, 30, 'dispo'),
(554, 1, 'dispo'),
(554, 5, 'dispo'),
(554, 8, 'dispo'),
(554, 9, 'dispo'),
(554, 10, 'dispo'),
(554, 14, 'dispo'),
(554, 18, 'dispo'),
(554, 19, 'dispo'),
(554, 25, 'dispo'),
(554, 30, 'dispo'),
(555, 1, 'dispo'),
(555, 5, 'dispo'),
(555, 8, 'dispo'),
(555, 9, 'dispo'),
(555, 10, 'dispo'),
(555, 14, 'dispo'),
(555, 18, 'dispo'),
(555, 19, 'dispo'),
(555, 25, 'dispo'),
(555, 30, 'dispo'),
(556, 1, 'dispo'),
(556, 5, 'dispo'),
(556, 8, 'dispo'),
(556, 9, 'dispo'),
(556, 10, 'dispo'),
(556, 14, 'dispo'),
(556, 18, 'dispo'),
(556, 19, 'dispo'),
(556, 25, 'dispo'),
(556, 30, 'dispo'),
(557, 1, 'dispo'),
(557, 5, 'dispo'),
(557, 8, 'dispo'),
(557, 9, 'dispo'),
(557, 10, 'dispo'),
(557, 14, 'dispo'),
(557, 18, 'dispo'),
(557, 19, 'dispo'),
(557, 25, 'dispo'),
(557, 30, 'dispo'),
(558, 1, 'dispo'),
(558, 5, 'dispo'),
(558, 8, 'dispo'),
(558, 9, 'dispo'),
(558, 10, 'dispo'),
(558, 14, 'dispo'),
(558, 18, 'dispo'),
(558, 19, 'dispo'),
(558, 25, 'dispo'),
(558, 30, 'dispo'),
(559, 1, 'dispo'),
(559, 5, 'dispo'),
(559, 8, 'dispo'),
(559, 9, 'dispo'),
(559, 10, 'dispo'),
(559, 14, 'dispo'),
(559, 18, 'dispo'),
(559, 19, 'dispo'),
(559, 25, 'dispo'),
(559, 30, 'dispo'),
(560, 1, 'dispo'),
(560, 5, 'dispo'),
(560, 8, 'dispo'),
(560, 9, 'dispo'),
(560, 10, 'dispo'),
(560, 14, 'dispo'),
(560, 18, 'dispo'),
(560, 19, 'dispo'),
(560, 25, 'dispo'),
(560, 30, 'dispo'),
(561, 1, 'dispo'),
(561, 5, 'dispo'),
(561, 8, 'dispo'),
(561, 9, 'dispo'),
(561, 10, 'dispo'),
(561, 14, 'dispo'),
(561, 18, 'dispo'),
(561, 19, 'dispo'),
(561, 25, 'dispo'),
(561, 30, 'dispo'),
(562, 1, 'dispo'),
(562, 5, 'dispo'),
(562, 8, 'dispo'),
(562, 9, 'dispo'),
(562, 10, 'dispo'),
(562, 14, 'dispo'),
(562, 18, 'dispo'),
(562, 19, 'dispo'),
(562, 25, 'dispo'),
(562, 30, 'dispo'),
(563, 1, 'dispo'),
(563, 5, 'dispo'),
(563, 8, 'dispo'),
(563, 9, 'dispo'),
(563, 10, 'dispo'),
(563, 14, 'dispo'),
(563, 18, 'dispo'),
(563, 19, 'dispo'),
(563, 25, 'dispo'),
(563, 30, 'dispo'),
(564, 1, 'dispo'),
(564, 5, 'dispo'),
(564, 8, 'dispo'),
(564, 9, 'dispo'),
(564, 10, 'dispo'),
(564, 14, 'dispo'),
(564, 18, 'dispo'),
(564, 19, 'dispo'),
(564, 25, 'dispo'),
(564, 30, 'dispo'),
(565, 1, 'dispo'),
(565, 5, 'dispo'),
(565, 8, 'dispo'),
(565, 9, 'dispo'),
(565, 10, 'dispo'),
(565, 14, 'dispo'),
(565, 18, 'dispo'),
(565, 19, 'dispo'),
(565, 25, 'dispo'),
(565, 30, 'dispo'),
(566, 1, 'dispo'),
(566, 5, 'dispo'),
(566, 8, 'dispo'),
(566, 9, 'dispo'),
(566, 10, 'dispo'),
(566, 14, 'dispo'),
(566, 18, 'dispo'),
(566, 19, 'dispo'),
(566, 25, 'dispo'),
(566, 30, 'dispo'),
(567, 1, 'dispo'),
(567, 5, 'dispo'),
(567, 8, 'dispo'),
(567, 9, 'dispo'),
(567, 10, 'dispo'),
(567, 14, 'dispo'),
(567, 18, 'dispo'),
(567, 19, 'dispo'),
(567, 25, 'dispo'),
(567, 30, 'dispo'),
(568, 1, 'dispo'),
(568, 5, 'dispo'),
(568, 8, 'dispo'),
(568, 9, 'dispo'),
(568, 10, 'dispo'),
(568, 14, 'dispo'),
(568, 18, 'dispo'),
(568, 19, 'dispo'),
(568, 25, 'dispo'),
(568, 30, 'dispo'),
(569, 1, 'dispo'),
(569, 5, 'dispo'),
(569, 8, 'dispo'),
(569, 9, 'dispo'),
(569, 10, 'dispo'),
(569, 14, 'dispo'),
(569, 18, 'dispo'),
(569, 19, 'dispo'),
(569, 25, 'dispo'),
(569, 30, 'dispo'),
(570, 1, 'dispo'),
(570, 5, 'dispo'),
(570, 8, 'dispo'),
(570, 9, 'dispo'),
(570, 10, 'dispo'),
(570, 14, 'dispo'),
(570, 18, 'dispo'),
(570, 19, 'dispo'),
(570, 25, 'dispo'),
(570, 30, 'dispo'),
(571, 3, 'dispo'),
(571, 6, 'dispo'),
(571, 11, 'dispo'),
(571, 12, 'dispo'),
(571, 15, 'dispo'),
(571, 16, 'dispo'),
(571, 20, 'dispo'),
(571, 23, 'dispo'),
(571, 29, 'dispo'),
(571, 31, 'dispo'),
(572, 3, 'dispo'),
(572, 6, 'dispo'),
(572, 11, 'dispo'),
(572, 12, 'dispo'),
(572, 15, 'dispo'),
(572, 16, 'dispo'),
(572, 20, 'dispo'),
(572, 23, 'dispo'),
(572, 29, 'dispo'),
(572, 31, 'dispo'),
(573, 3, 'dispo'),
(573, 6, 'dispo'),
(573, 11, 'dispo'),
(573, 12, 'dispo'),
(573, 15, 'dispo'),
(573, 16, 'dispo'),
(573, 20, 'dispo'),
(573, 23, 'dispo'),
(573, 29, 'dispo'),
(573, 31, 'dispo'),
(574, 3, 'dispo'),
(574, 6, 'dispo'),
(574, 11, 'dispo'),
(574, 12, 'dispo'),
(574, 15, 'dispo'),
(574, 16, 'dispo'),
(574, 20, 'dispo'),
(574, 23, 'dispo'),
(574, 29, 'dispo'),
(574, 31, 'dispo'),
(575, 3, 'dispo'),
(575, 6, 'dispo'),
(575, 11, 'dispo'),
(575, 12, 'dispo'),
(575, 15, 'dispo'),
(575, 16, 'dispo'),
(575, 20, 'dispo'),
(575, 23, 'dispo'),
(575, 29, 'dispo'),
(575, 31, 'dispo'),
(576, 3, 'dispo'),
(576, 6, 'dispo'),
(576, 11, 'dispo'),
(576, 12, 'dispo'),
(576, 15, 'dispo'),
(576, 16, 'dispo'),
(576, 20, 'dispo'),
(576, 23, 'dispo'),
(576, 29, 'dispo'),
(576, 31, 'dispo'),
(577, 3, 'dispo'),
(577, 6, 'dispo'),
(577, 11, 'dispo'),
(577, 12, 'dispo'),
(577, 15, 'dispo'),
(577, 16, 'dispo'),
(577, 20, 'dispo'),
(577, 23, 'dispo'),
(577, 29, 'dispo'),
(577, 31, 'dispo'),
(578, 3, 'dispo'),
(578, 6, 'dispo'),
(578, 11, 'dispo'),
(578, 12, 'dispo'),
(578, 15, 'dispo'),
(578, 16, 'dispo'),
(578, 20, 'dispo'),
(578, 23, 'dispo'),
(578, 29, 'dispo'),
(578, 31, 'dispo'),
(579, 3, 'dispo'),
(579, 6, 'dispo'),
(579, 11, 'dispo'),
(579, 12, 'dispo'),
(579, 15, 'dispo'),
(579, 16, 'dispo'),
(579, 20, 'dispo'),
(579, 23, 'dispo'),
(579, 29, 'dispo'),
(579, 31, 'dispo'),
(580, 3, 'dispo'),
(580, 6, 'dispo'),
(580, 11, 'dispo'),
(580, 12, 'dispo'),
(580, 15, 'dispo'),
(580, 16, 'dispo'),
(580, 20, 'dispo'),
(580, 23, 'dispo'),
(580, 29, 'dispo'),
(580, 31, 'dispo'),
(581, 3, 'dispo'),
(581, 6, 'dispo'),
(581, 11, 'dispo'),
(581, 12, 'dispo'),
(581, 15, 'dispo'),
(581, 16, 'dispo'),
(581, 20, 'dispo'),
(581, 23, 'dispo'),
(581, 29, 'dispo'),
(581, 31, 'dispo'),
(582, 3, 'dispo'),
(582, 6, 'dispo'),
(582, 11, 'dispo'),
(582, 12, 'dispo'),
(582, 15, 'dispo'),
(582, 16, 'dispo'),
(582, 20, 'dispo'),
(582, 23, 'dispo'),
(582, 29, 'dispo'),
(582, 31, 'dispo'),
(583, 3, 'dispo'),
(583, 6, 'dispo'),
(583, 11, 'dispo'),
(583, 12, 'dispo'),
(583, 15, 'dispo'),
(583, 16, 'dispo'),
(583, 20, 'dispo'),
(583, 23, 'dispo'),
(583, 29, 'dispo'),
(583, 31, 'dispo'),
(584, 3, 'dispo'),
(584, 6, 'dispo'),
(584, 11, 'dispo'),
(584, 12, 'dispo'),
(584, 15, 'dispo'),
(584, 16, 'dispo'),
(584, 20, 'dispo'),
(584, 23, 'dispo'),
(584, 29, 'dispo'),
(584, 31, 'dispo'),
(585, 3, 'dispo'),
(585, 6, 'dispo'),
(585, 11, 'dispo'),
(585, 12, 'dispo'),
(585, 15, 'dispo'),
(585, 16, 'dispo'),
(585, 20, 'dispo'),
(585, 23, 'dispo'),
(585, 29, 'dispo'),
(585, 31, 'dispo'),
(586, 3, 'dispo'),
(586, 6, 'dispo'),
(586, 11, 'dispo'),
(586, 12, 'dispo'),
(586, 15, 'dispo'),
(586, 16, 'dispo'),
(586, 20, 'dispo'),
(586, 23, 'dispo'),
(586, 29, 'dispo'),
(586, 31, 'dispo'),
(587, 3, 'dispo'),
(587, 6, 'dispo'),
(587, 11, 'dispo'),
(587, 12, 'dispo'),
(587, 15, 'dispo'),
(587, 16, 'dispo'),
(587, 20, 'dispo'),
(587, 23, 'dispo'),
(587, 29, 'dispo'),
(587, 31, 'dispo'),
(588, 3, 'dispo'),
(588, 6, 'dispo'),
(588, 11, 'dispo'),
(588, 12, 'dispo'),
(588, 15, 'dispo'),
(588, 16, 'dispo'),
(588, 20, 'dispo'),
(588, 23, 'dispo'),
(588, 29, 'dispo'),
(588, 31, 'dispo'),
(589, 3, 'dispo'),
(589, 6, 'dispo'),
(589, 11, 'dispo'),
(589, 12, 'dispo'),
(589, 15, 'dispo'),
(589, 16, 'dispo'),
(589, 20, 'dispo'),
(589, 23, 'dispo'),
(589, 29, 'dispo'),
(589, 31, 'dispo'),
(590, 3, 'dispo'),
(590, 6, 'dispo'),
(590, 11, 'dispo'),
(590, 12, 'dispo'),
(590, 15, 'dispo'),
(590, 16, 'dispo'),
(590, 20, 'dispo'),
(590, 23, 'dispo'),
(590, 29, 'dispo'),
(590, 31, 'dispo'),
(591, 3, 'dispo'),
(591, 6, 'dispo'),
(591, 11, 'dispo'),
(591, 12, 'dispo'),
(591, 15, 'dispo'),
(591, 16, 'dispo'),
(591, 20, 'dispo'),
(591, 23, 'dispo'),
(591, 29, 'dispo'),
(591, 31, 'dispo'),
(592, 3, 'dispo'),
(592, 6, 'dispo'),
(592, 11, 'dispo'),
(592, 12, 'dispo'),
(592, 15, 'dispo'),
(592, 16, 'dispo'),
(592, 20, 'dispo'),
(592, 23, 'dispo'),
(592, 29, 'dispo'),
(592, 31, 'dispo'),
(593, 3, 'dispo'),
(593, 6, 'dispo'),
(593, 11, 'dispo'),
(593, 12, 'dispo'),
(593, 15, 'dispo'),
(593, 16, 'dispo'),
(593, 20, 'dispo'),
(593, 23, 'dispo'),
(593, 29, 'dispo'),
(593, 31, 'dispo'),
(594, 3, 'dispo'),
(594, 6, 'dispo'),
(594, 11, 'dispo'),
(594, 12, 'dispo'),
(594, 15, 'dispo'),
(594, 16, 'dispo'),
(594, 20, 'dispo'),
(594, 23, 'dispo'),
(594, 29, 'dispo'),
(594, 31, 'dispo'),
(595, 3, 'dispo'),
(595, 6, 'dispo'),
(595, 11, 'dispo'),
(595, 12, 'dispo'),
(595, 15, 'dispo'),
(595, 16, 'dispo'),
(595, 20, 'dispo'),
(595, 23, 'dispo'),
(595, 29, 'dispo'),
(595, 31, 'dispo'),
(596, 3, 'dispo'),
(596, 6, 'dispo'),
(596, 11, 'dispo'),
(596, 12, 'dispo'),
(596, 15, 'dispo'),
(596, 16, 'dispo'),
(596, 20, 'dispo'),
(596, 23, 'dispo'),
(596, 29, 'dispo'),
(596, 31, 'dispo'),
(597, 3, 'dispo'),
(597, 6, 'dispo'),
(597, 11, 'dispo'),
(597, 12, 'dispo'),
(597, 15, 'dispo'),
(597, 16, 'dispo'),
(597, 20, 'dispo'),
(597, 23, 'dispo'),
(597, 29, 'dispo'),
(597, 31, 'dispo'),
(598, 3, 'dispo'),
(598, 6, 'dispo'),
(598, 11, 'dispo'),
(598, 12, 'dispo'),
(598, 15, 'dispo'),
(598, 16, 'dispo'),
(598, 20, 'dispo'),
(598, 23, 'dispo'),
(598, 29, 'dispo'),
(598, 31, 'dispo'),
(599, 3, 'dispo'),
(599, 6, 'dispo'),
(599, 11, 'dispo'),
(599, 12, 'dispo'),
(599, 15, 'dispo'),
(599, 16, 'dispo'),
(599, 20, 'dispo'),
(599, 23, 'dispo'),
(599, 29, 'dispo'),
(599, 31, 'dispo'),
(600, 3, 'dispo'),
(600, 6, 'dispo'),
(600, 11, 'dispo'),
(600, 12, 'dispo'),
(600, 15, 'dispo'),
(600, 16, 'dispo'),
(600, 20, 'dispo'),
(600, 23, 'dispo'),
(600, 29, 'dispo'),
(600, 31, 'dispo'),
(601, 3, 'dispo'),
(601, 6, 'dispo'),
(601, 11, 'dispo'),
(601, 12, 'dispo'),
(601, 15, 'dispo'),
(601, 16, 'dispo'),
(601, 20, 'dispo'),
(601, 23, 'dispo'),
(601, 29, 'dispo'),
(601, 31, 'dispo'),
(602, 3, 'dispo'),
(602, 6, 'dispo'),
(602, 11, 'dispo'),
(602, 12, 'dispo'),
(602, 15, 'dispo'),
(602, 16, 'dispo'),
(602, 20, 'dispo'),
(602, 23, 'dispo'),
(602, 29, 'dispo'),
(602, 31, 'dispo'),
(603, 3, 'dispo'),
(603, 6, 'dispo'),
(603, 11, 'dispo'),
(603, 12, 'dispo'),
(603, 15, 'dispo'),
(603, 16, 'dispo'),
(603, 20, 'dispo'),
(603, 23, 'dispo'),
(603, 29, 'dispo'),
(603, 31, 'dispo'),
(604, 3, 'dispo'),
(604, 6, 'dispo'),
(604, 11, 'dispo'),
(604, 12, 'dispo'),
(604, 15, 'dispo'),
(604, 16, 'dispo'),
(604, 20, 'dispo'),
(604, 23, 'dispo'),
(604, 29, 'dispo'),
(604, 31, 'dispo'),
(605, 3, 'dispo'),
(605, 6, 'dispo'),
(605, 11, 'dispo'),
(605, 12, 'dispo'),
(605, 15, 'dispo'),
(605, 16, 'dispo'),
(605, 20, 'dispo'),
(605, 23, 'dispo'),
(605, 29, 'dispo'),
(605, 31, 'dispo'),
(606, 3, 'dispo'),
(606, 6, 'dispo'),
(606, 11, 'dispo'),
(606, 12, 'dispo'),
(606, 15, 'dispo'),
(606, 16, 'dispo'),
(606, 20, 'dispo'),
(606, 23, 'dispo'),
(606, 29, 'dispo'),
(606, 31, 'dispo'),
(607, 3, 'dispo'),
(607, 6, 'dispo'),
(607, 11, 'dispo'),
(607, 12, 'dispo'),
(607, 15, 'dispo'),
(607, 16, 'dispo'),
(607, 20, 'dispo'),
(607, 23, 'dispo'),
(607, 29, 'dispo'),
(607, 31, 'dispo'),
(608, 3, 'dispo'),
(608, 6, 'dispo'),
(608, 11, 'dispo'),
(608, 12, 'dispo'),
(608, 15, 'dispo'),
(608, 16, 'dispo'),
(608, 20, 'dispo'),
(608, 23, 'dispo'),
(608, 29, 'dispo'),
(608, 31, 'dispo'),
(609, 3, 'dispo'),
(609, 6, 'dispo'),
(609, 11, 'dispo'),
(609, 12, 'dispo'),
(609, 15, 'dispo'),
(609, 16, 'dispo'),
(609, 20, 'dispo'),
(609, 23, 'dispo'),
(609, 29, 'dispo'),
(609, 31, 'dispo'),
(610, 3, 'dispo'),
(610, 6, 'dispo'),
(610, 11, 'dispo'),
(610, 12, 'dispo'),
(610, 15, 'dispo'),
(610, 16, 'dispo'),
(610, 20, 'dispo'),
(610, 23, 'dispo'),
(610, 29, 'dispo'),
(610, 31, 'dispo'),
(611, 3, 'dispo'),
(611, 6, 'dispo'),
(611, 11, 'dispo'),
(611, 12, 'dispo'),
(611, 15, 'dispo'),
(611, 16, 'dispo'),
(611, 20, 'dispo'),
(611, 23, 'dispo'),
(611, 29, 'dispo'),
(611, 31, 'dispo'),
(612, 3, 'dispo'),
(612, 6, 'dispo'),
(612, 11, 'dispo'),
(612, 12, 'dispo'),
(612, 15, 'dispo'),
(612, 16, 'dispo'),
(612, 20, 'dispo'),
(612, 23, 'dispo'),
(612, 29, 'dispo'),
(612, 31, 'dispo'),
(613, 3, 'dispo'),
(613, 6, 'dispo'),
(613, 11, 'dispo'),
(613, 12, 'dispo'),
(613, 15, 'dispo'),
(613, 16, 'dispo'),
(613, 20, 'dispo'),
(613, 23, 'dispo'),
(613, 29, 'dispo'),
(613, 31, 'dispo'),
(614, 3, 'dispo'),
(614, 6, 'dispo'),
(614, 11, 'dispo'),
(614, 12, 'dispo'),
(614, 15, 'dispo'),
(614, 16, 'dispo'),
(614, 20, 'dispo'),
(614, 23, 'dispo'),
(614, 29, 'dispo'),
(614, 31, 'dispo'),
(615, 3, 'dispo'),
(615, 6, 'dispo'),
(615, 11, 'dispo'),
(615, 12, 'dispo'),
(615, 15, 'dispo'),
(615, 16, 'dispo'),
(615, 20, 'dispo'),
(615, 23, 'dispo'),
(615, 29, 'dispo'),
(615, 31, 'dispo'),
(616, 3, 'dispo'),
(616, 6, 'dispo'),
(616, 11, 'dispo'),
(616, 12, 'dispo'),
(616, 15, 'dispo'),
(616, 16, 'dispo'),
(616, 20, 'dispo'),
(616, 23, 'dispo'),
(616, 29, 'dispo'),
(616, 31, 'dispo'),
(617, 3, 'dispo'),
(617, 6, 'dispo'),
(617, 11, 'dispo'),
(617, 12, 'dispo'),
(617, 15, 'dispo'),
(617, 16, 'dispo'),
(617, 20, 'dispo'),
(617, 23, 'dispo'),
(617, 29, 'dispo'),
(617, 31, 'dispo'),
(618, 3, 'dispo'),
(618, 6, 'dispo'),
(618, 11, 'dispo'),
(618, 12, 'dispo'),
(618, 15, 'dispo'),
(618, 16, 'dispo'),
(618, 20, 'dispo'),
(618, 23, 'dispo'),
(618, 29, 'dispo'),
(618, 31, 'dispo'),
(619, 3, 'dispo'),
(619, 6, 'dispo'),
(619, 11, 'dispo'),
(619, 12, 'dispo'),
(619, 15, 'dispo'),
(619, 16, 'dispo'),
(619, 20, 'dispo'),
(619, 23, 'dispo'),
(619, 29, 'dispo'),
(619, 31, 'dispo'),
(620, 3, 'dispo'),
(620, 6, 'dispo'),
(620, 11, 'dispo'),
(620, 12, 'dispo'),
(620, 15, 'dispo'),
(620, 16, 'dispo'),
(620, 20, 'dispo'),
(620, 23, 'dispo'),
(620, 29, 'dispo'),
(620, 31, 'dispo'),
(621, 3, 'dispo'),
(621, 6, 'dispo'),
(621, 11, 'dispo'),
(621, 12, 'dispo'),
(621, 15, 'dispo'),
(621, 16, 'dispo'),
(621, 20, 'dispo'),
(621, 23, 'dispo'),
(621, 29, 'dispo'),
(621, 31, 'dispo'),
(622, 3, 'dispo'),
(622, 6, 'dispo'),
(622, 11, 'dispo'),
(622, 12, 'dispo'),
(622, 15, 'dispo'),
(622, 16, 'dispo');
INSERT INTO `siegedispo` (`code_siege`, `num_vol`, `disponibilite`) VALUES
(622, 20, 'dispo'),
(622, 23, 'dispo'),
(622, 29, 'dispo'),
(622, 31, 'dispo'),
(623, 3, 'dispo'),
(623, 6, 'dispo'),
(623, 11, 'dispo'),
(623, 12, 'dispo'),
(623, 15, 'dispo'),
(623, 16, 'dispo'),
(623, 20, 'dispo'),
(623, 23, 'dispo'),
(623, 29, 'dispo'),
(623, 31, 'dispo'),
(624, 3, 'pris'),
(624, 6, 'dispo'),
(624, 11, 'dispo'),
(624, 12, 'dispo'),
(624, 15, 'dispo'),
(624, 16, 'dispo'),
(624, 20, 'dispo'),
(624, 23, 'dispo'),
(624, 29, 'dispo'),
(624, 31, 'dispo'),
(625, 3, 'dispo'),
(625, 6, 'dispo'),
(625, 11, 'dispo'),
(625, 12, 'dispo'),
(625, 15, 'dispo'),
(625, 16, 'dispo'),
(625, 20, 'dispo'),
(625, 23, 'dispo'),
(625, 29, 'dispo'),
(625, 31, 'dispo'),
(626, 3, 'dispo'),
(626, 6, 'dispo'),
(626, 11, 'dispo'),
(626, 12, 'dispo'),
(626, 15, 'dispo'),
(626, 16, 'dispo'),
(626, 20, 'dispo'),
(626, 23, 'dispo'),
(626, 29, 'dispo'),
(626, 31, 'dispo'),
(627, 3, 'dispo'),
(627, 6, 'dispo'),
(627, 11, 'dispo'),
(627, 12, 'dispo'),
(627, 15, 'dispo'),
(627, 16, 'dispo'),
(627, 20, 'dispo'),
(627, 23, 'dispo'),
(627, 29, 'dispo'),
(627, 31, 'dispo'),
(628, 3, 'dispo'),
(628, 6, 'dispo'),
(628, 11, 'dispo'),
(628, 12, 'dispo'),
(628, 15, 'dispo'),
(628, 16, 'dispo'),
(628, 20, 'dispo'),
(628, 23, 'dispo'),
(628, 29, 'dispo'),
(628, 31, 'dispo'),
(629, 3, 'dispo'),
(629, 6, 'dispo'),
(629, 11, 'dispo'),
(629, 12, 'dispo'),
(629, 15, 'dispo'),
(629, 16, 'dispo'),
(629, 20, 'dispo'),
(629, 23, 'dispo'),
(629, 29, 'dispo'),
(629, 31, 'dispo'),
(630, 3, 'dispo'),
(630, 6, 'dispo'),
(630, 11, 'dispo'),
(630, 12, 'dispo'),
(630, 15, 'dispo'),
(630, 16, 'dispo'),
(630, 20, 'dispo'),
(630, 23, 'dispo'),
(630, 29, 'dispo'),
(630, 31, 'dispo'),
(631, 3, 'dispo'),
(631, 6, 'dispo'),
(631, 11, 'dispo'),
(631, 12, 'dispo'),
(631, 15, 'dispo'),
(631, 16, 'dispo'),
(631, 20, 'dispo'),
(631, 23, 'dispo'),
(631, 29, 'dispo'),
(631, 31, 'dispo'),
(632, 3, 'dispo'),
(632, 6, 'dispo'),
(632, 11, 'dispo'),
(632, 12, 'dispo'),
(632, 15, 'dispo'),
(632, 16, 'dispo'),
(632, 20, 'dispo'),
(632, 23, 'dispo'),
(632, 29, 'dispo'),
(632, 31, 'dispo'),
(633, 3, 'dispo'),
(633, 6, 'dispo'),
(633, 11, 'dispo'),
(633, 12, 'dispo'),
(633, 15, 'dispo'),
(633, 16, 'dispo'),
(633, 20, 'dispo'),
(633, 23, 'dispo'),
(633, 29, 'dispo'),
(633, 31, 'dispo'),
(634, 3, 'dispo'),
(634, 6, 'dispo'),
(634, 11, 'dispo'),
(634, 12, 'dispo'),
(634, 15, 'dispo'),
(634, 16, 'dispo'),
(634, 20, 'dispo'),
(634, 23, 'dispo'),
(634, 29, 'dispo'),
(634, 31, 'dispo'),
(635, 3, 'dispo'),
(635, 6, 'dispo'),
(635, 11, 'dispo'),
(635, 12, 'dispo'),
(635, 15, 'dispo'),
(635, 16, 'dispo'),
(635, 20, 'dispo'),
(635, 23, 'dispo'),
(635, 29, 'dispo'),
(635, 31, 'dispo'),
(636, 3, 'dispo'),
(636, 6, 'dispo'),
(636, 11, 'dispo'),
(636, 12, 'dispo'),
(636, 15, 'dispo'),
(636, 16, 'dispo'),
(636, 20, 'dispo'),
(636, 23, 'dispo'),
(636, 29, 'dispo'),
(636, 31, 'dispo'),
(637, 3, 'dispo'),
(637, 6, 'dispo'),
(637, 11, 'dispo'),
(637, 12, 'dispo'),
(637, 15, 'dispo'),
(637, 16, 'dispo'),
(637, 20, 'dispo'),
(637, 23, 'dispo'),
(637, 29, 'dispo'),
(637, 31, 'dispo'),
(638, 3, 'dispo'),
(638, 6, 'dispo'),
(638, 11, 'dispo'),
(638, 12, 'dispo'),
(638, 15, 'dispo'),
(638, 16, 'dispo'),
(638, 20, 'dispo'),
(638, 23, 'dispo'),
(638, 29, 'dispo'),
(638, 31, 'dispo'),
(639, 3, 'dispo'),
(639, 6, 'dispo'),
(639, 11, 'dispo'),
(639, 12, 'dispo'),
(639, 15, 'dispo'),
(639, 16, 'dispo'),
(639, 20, 'dispo'),
(639, 23, 'dispo'),
(639, 29, 'dispo'),
(639, 31, 'dispo'),
(640, 3, 'dispo'),
(640, 6, 'dispo'),
(640, 11, 'dispo'),
(640, 12, 'dispo'),
(640, 15, 'dispo'),
(640, 16, 'dispo'),
(640, 20, 'dispo'),
(640, 23, 'dispo'),
(640, 29, 'dispo'),
(640, 31, 'dispo'),
(641, 3, 'dispo'),
(641, 6, 'dispo'),
(641, 11, 'dispo'),
(641, 12, 'dispo'),
(641, 15, 'dispo'),
(641, 16, 'dispo'),
(641, 20, 'dispo'),
(641, 23, 'dispo'),
(641, 29, 'dispo'),
(641, 31, 'dispo'),
(642, 3, 'dispo'),
(642, 6, 'dispo'),
(642, 11, 'dispo'),
(642, 12, 'dispo'),
(642, 15, 'dispo'),
(642, 16, 'dispo'),
(642, 20, 'dispo'),
(642, 23, 'dispo'),
(642, 29, 'dispo'),
(642, 31, 'dispo'),
(643, 3, 'dispo'),
(643, 6, 'dispo'),
(643, 11, 'dispo'),
(643, 12, 'dispo'),
(643, 15, 'dispo'),
(643, 16, 'dispo'),
(643, 20, 'dispo'),
(643, 23, 'dispo'),
(643, 29, 'dispo'),
(643, 31, 'dispo'),
(644, 3, 'dispo'),
(644, 6, 'dispo'),
(644, 11, 'dispo'),
(644, 12, 'dispo'),
(644, 15, 'dispo'),
(644, 16, 'dispo'),
(644, 20, 'dispo'),
(644, 23, 'dispo'),
(644, 29, 'dispo'),
(644, 31, 'dispo'),
(645, 3, 'dispo'),
(645, 6, 'dispo'),
(645, 11, 'dispo'),
(645, 12, 'dispo'),
(645, 15, 'dispo'),
(645, 16, 'dispo'),
(645, 20, 'dispo'),
(645, 23, 'dispo'),
(645, 29, 'dispo'),
(645, 31, 'dispo'),
(646, 3, 'dispo'),
(646, 6, 'dispo'),
(646, 11, 'dispo'),
(646, 12, 'dispo'),
(646, 15, 'dispo'),
(646, 16, 'dispo'),
(646, 20, 'dispo'),
(646, 23, 'dispo'),
(646, 29, 'dispo'),
(646, 31, 'dispo'),
(647, 3, 'dispo'),
(647, 6, 'dispo'),
(647, 11, 'dispo'),
(647, 12, 'dispo'),
(647, 15, 'dispo'),
(647, 16, 'dispo'),
(647, 20, 'dispo'),
(647, 23, 'dispo'),
(647, 29, 'dispo'),
(647, 31, 'dispo'),
(648, 3, 'dispo'),
(648, 6, 'dispo'),
(648, 11, 'dispo'),
(648, 12, 'dispo'),
(648, 15, 'dispo'),
(648, 16, 'dispo'),
(648, 20, 'dispo'),
(648, 23, 'dispo'),
(648, 29, 'dispo'),
(648, 31, 'dispo'),
(649, 3, 'dispo'),
(649, 6, 'dispo'),
(649, 11, 'dispo'),
(649, 12, 'dispo'),
(649, 15, 'dispo'),
(649, 16, 'dispo'),
(649, 20, 'dispo'),
(649, 23, 'dispo'),
(649, 29, 'dispo'),
(649, 31, 'dispo'),
(650, 3, 'dispo'),
(650, 6, 'dispo'),
(650, 11, 'dispo'),
(650, 12, 'dispo'),
(650, 15, 'dispo'),
(650, 16, 'dispo'),
(650, 20, 'dispo'),
(650, 23, 'dispo'),
(650, 29, 'dispo'),
(650, 31, 'dispo'),
(651, 3, 'dispo'),
(651, 6, 'dispo'),
(651, 11, 'dispo'),
(651, 12, 'dispo'),
(651, 15, 'dispo'),
(651, 16, 'dispo'),
(651, 20, 'dispo'),
(651, 23, 'dispo'),
(651, 29, 'dispo'),
(651, 31, 'dispo'),
(652, 3, 'dispo'),
(652, 6, 'dispo'),
(652, 11, 'dispo'),
(652, 12, 'dispo'),
(652, 15, 'dispo'),
(652, 16, 'dispo'),
(652, 20, 'dispo'),
(652, 23, 'dispo'),
(652, 29, 'dispo'),
(652, 31, 'dispo'),
(653, 3, 'dispo'),
(653, 6, 'dispo'),
(653, 11, 'dispo'),
(653, 12, 'dispo'),
(653, 15, 'dispo'),
(653, 16, 'dispo'),
(653, 20, 'dispo'),
(653, 23, 'dispo'),
(653, 29, 'dispo'),
(653, 31, 'dispo'),
(654, 3, 'dispo'),
(654, 6, 'dispo'),
(654, 11, 'dispo'),
(654, 12, 'dispo'),
(654, 15, 'dispo'),
(654, 16, 'dispo'),
(654, 20, 'dispo'),
(654, 23, 'dispo'),
(654, 29, 'dispo'),
(654, 31, 'dispo'),
(655, 3, 'dispo'),
(655, 6, 'dispo'),
(655, 11, 'dispo'),
(655, 12, 'dispo'),
(655, 15, 'dispo'),
(655, 16, 'dispo'),
(655, 20, 'dispo'),
(655, 23, 'dispo'),
(655, 29, 'dispo'),
(655, 31, 'dispo'),
(656, 3, 'dispo'),
(656, 6, 'dispo'),
(656, 11, 'dispo'),
(656, 12, 'dispo'),
(656, 15, 'dispo'),
(656, 16, 'dispo'),
(656, 20, 'dispo'),
(656, 23, 'dispo'),
(656, 29, 'dispo'),
(656, 31, 'dispo'),
(657, 3, 'dispo'),
(657, 6, 'dispo'),
(657, 11, 'dispo'),
(657, 12, 'dispo'),
(657, 15, 'dispo'),
(657, 16, 'dispo'),
(657, 20, 'dispo'),
(657, 23, 'dispo'),
(657, 29, 'dispo'),
(657, 31, 'dispo'),
(658, 3, 'dispo'),
(658, 6, 'dispo'),
(658, 11, 'dispo'),
(658, 12, 'dispo'),
(658, 15, 'dispo'),
(658, 16, 'dispo'),
(658, 20, 'dispo'),
(658, 23, 'dispo'),
(658, 29, 'dispo'),
(658, 31, 'dispo'),
(659, 3, 'dispo'),
(659, 6, 'dispo'),
(659, 11, 'dispo'),
(659, 12, 'dispo'),
(659, 15, 'dispo'),
(659, 16, 'dispo'),
(659, 20, 'dispo'),
(659, 23, 'dispo'),
(659, 29, 'dispo'),
(659, 31, 'dispo'),
(660, 3, 'dispo'),
(660, 6, 'dispo'),
(660, 11, 'dispo'),
(660, 12, 'dispo'),
(660, 15, 'dispo'),
(660, 16, 'dispo'),
(660, 20, 'dispo'),
(660, 23, 'dispo'),
(660, 29, 'dispo'),
(660, 31, 'dispo'),
(661, 3, 'dispo'),
(661, 6, 'dispo'),
(661, 11, 'dispo'),
(661, 12, 'dispo'),
(661, 15, 'dispo'),
(661, 16, 'dispo'),
(661, 20, 'dispo'),
(661, 23, 'dispo'),
(661, 29, 'dispo'),
(661, 31, 'dispo'),
(662, 3, 'dispo'),
(662, 6, 'dispo'),
(662, 11, 'dispo'),
(662, 12, 'dispo'),
(662, 15, 'dispo'),
(662, 16, 'dispo'),
(662, 20, 'dispo'),
(662, 23, 'dispo'),
(662, 29, 'dispo'),
(662, 31, 'dispo'),
(663, 3, 'dispo'),
(663, 6, 'dispo'),
(663, 11, 'dispo'),
(663, 12, 'dispo'),
(663, 15, 'dispo'),
(663, 16, 'dispo'),
(663, 20, 'dispo'),
(663, 23, 'dispo'),
(663, 29, 'dispo'),
(663, 31, 'dispo'),
(664, 3, 'dispo'),
(664, 6, 'dispo'),
(664, 11, 'dispo'),
(664, 12, 'dispo'),
(664, 15, 'dispo'),
(664, 16, 'dispo'),
(664, 20, 'dispo'),
(664, 23, 'dispo'),
(664, 29, 'dispo'),
(664, 31, 'dispo'),
(665, 3, 'dispo'),
(665, 6, 'dispo'),
(665, 11, 'dispo'),
(665, 12, 'dispo'),
(665, 15, 'dispo'),
(665, 16, 'dispo'),
(665, 20, 'dispo'),
(665, 23, 'dispo'),
(665, 29, 'dispo'),
(665, 31, 'dispo'),
(666, 3, 'dispo'),
(666, 6, 'dispo'),
(666, 11, 'dispo'),
(666, 12, 'dispo'),
(666, 15, 'dispo'),
(666, 16, 'dispo'),
(666, 20, 'dispo'),
(666, 23, 'dispo'),
(666, 29, 'dispo'),
(666, 31, 'dispo'),
(667, 3, 'dispo'),
(667, 6, 'dispo'),
(667, 11, 'dispo'),
(667, 12, 'dispo'),
(667, 15, 'dispo'),
(667, 16, 'dispo'),
(667, 20, 'dispo'),
(667, 23, 'dispo'),
(667, 29, 'dispo'),
(667, 31, 'dispo'),
(668, 3, 'dispo'),
(668, 6, 'dispo'),
(668, 11, 'dispo'),
(668, 12, 'dispo'),
(668, 15, 'dispo'),
(668, 16, 'dispo'),
(668, 20, 'dispo'),
(668, 23, 'dispo'),
(668, 29, 'dispo'),
(668, 31, 'dispo'),
(669, 3, 'dispo'),
(669, 6, 'dispo'),
(669, 11, 'dispo'),
(669, 12, 'dispo'),
(669, 15, 'dispo'),
(669, 16, 'dispo'),
(669, 20, 'dispo'),
(669, 23, 'dispo'),
(669, 29, 'dispo'),
(669, 31, 'dispo'),
(670, 3, 'dispo'),
(670, 6, 'dispo'),
(670, 11, 'dispo'),
(670, 12, 'dispo'),
(670, 15, 'dispo'),
(670, 16, 'dispo'),
(670, 20, 'dispo'),
(670, 23, 'dispo'),
(670, 29, 'dispo'),
(670, 31, 'dispo'),
(671, 3, 'dispo'),
(671, 6, 'dispo'),
(671, 11, 'dispo'),
(671, 12, 'dispo'),
(671, 15, 'dispo'),
(671, 16, 'dispo'),
(671, 20, 'dispo'),
(671, 23, 'dispo'),
(671, 29, 'dispo'),
(671, 31, 'dispo'),
(672, 3, 'dispo'),
(672, 6, 'dispo'),
(672, 11, 'dispo'),
(672, 12, 'dispo'),
(672, 15, 'dispo'),
(672, 16, 'dispo'),
(672, 20, 'dispo'),
(672, 23, 'dispo'),
(672, 29, 'dispo'),
(672, 31, 'dispo'),
(673, 3, 'dispo'),
(673, 6, 'dispo'),
(673, 11, 'dispo'),
(673, 12, 'dispo'),
(673, 15, 'dispo'),
(673, 16, 'dispo'),
(673, 20, 'dispo'),
(673, 23, 'dispo'),
(673, 29, 'dispo'),
(673, 31, 'dispo'),
(674, 3, 'dispo'),
(674, 6, 'dispo'),
(674, 11, 'dispo'),
(674, 12, 'dispo'),
(674, 15, 'dispo'),
(674, 16, 'dispo'),
(674, 20, 'dispo'),
(674, 23, 'dispo'),
(674, 29, 'dispo'),
(674, 31, 'dispo'),
(675, 3, 'dispo'),
(675, 6, 'dispo'),
(675, 11, 'dispo'),
(675, 12, 'dispo'),
(675, 15, 'dispo'),
(675, 16, 'dispo'),
(675, 20, 'dispo'),
(675, 23, 'dispo'),
(675, 29, 'dispo'),
(675, 31, 'dispo'),
(676, 3, 'dispo'),
(676, 6, 'dispo'),
(676, 11, 'dispo'),
(676, 12, 'dispo'),
(676, 15, 'dispo'),
(676, 16, 'dispo'),
(676, 20, 'dispo'),
(676, 23, 'dispo'),
(676, 29, 'dispo'),
(676, 31, 'dispo'),
(677, 3, 'dispo'),
(677, 6, 'dispo'),
(677, 11, 'dispo'),
(677, 12, 'dispo'),
(677, 15, 'dispo'),
(677, 16, 'dispo'),
(677, 20, 'dispo'),
(677, 23, 'dispo'),
(677, 29, 'dispo'),
(677, 31, 'dispo'),
(678, 3, 'dispo'),
(678, 6, 'dispo'),
(678, 11, 'dispo'),
(678, 12, 'dispo'),
(678, 15, 'dispo'),
(678, 16, 'dispo'),
(678, 20, 'dispo'),
(678, 23, 'dispo'),
(678, 29, 'dispo'),
(678, 31, 'dispo'),
(679, 3, 'dispo'),
(679, 6, 'dispo'),
(679, 11, 'dispo'),
(679, 12, 'dispo'),
(679, 15, 'dispo'),
(679, 16, 'dispo'),
(679, 20, 'dispo'),
(679, 23, 'dispo'),
(679, 29, 'dispo'),
(679, 31, 'dispo'),
(680, 3, 'dispo'),
(680, 6, 'dispo'),
(680, 11, 'dispo'),
(680, 12, 'dispo'),
(680, 15, 'dispo'),
(680, 16, 'dispo'),
(680, 20, 'dispo'),
(680, 23, 'dispo'),
(680, 29, 'dispo'),
(680, 31, 'dispo'),
(681, 3, 'dispo'),
(681, 6, 'dispo'),
(681, 11, 'dispo'),
(681, 12, 'dispo'),
(681, 15, 'dispo'),
(681, 16, 'dispo'),
(681, 20, 'dispo'),
(681, 23, 'dispo'),
(681, 29, 'dispo'),
(681, 31, 'dispo'),
(682, 3, 'dispo'),
(682, 6, 'dispo'),
(682, 11, 'dispo'),
(682, 12, 'dispo'),
(682, 15, 'dispo'),
(682, 16, 'dispo'),
(682, 20, 'dispo'),
(682, 23, 'dispo'),
(682, 29, 'dispo'),
(682, 31, 'dispo'),
(683, 3, 'dispo'),
(683, 6, 'dispo'),
(683, 11, 'dispo'),
(683, 12, 'dispo'),
(683, 15, 'dispo'),
(683, 16, 'dispo'),
(683, 20, 'dispo'),
(683, 23, 'dispo'),
(683, 29, 'dispo'),
(683, 31, 'dispo'),
(684, 3, 'dispo'),
(684, 6, 'dispo'),
(684, 11, 'dispo'),
(684, 12, 'dispo'),
(684, 15, 'dispo'),
(684, 16, 'dispo'),
(684, 20, 'dispo'),
(684, 23, 'dispo'),
(684, 29, 'dispo'),
(684, 31, 'dispo'),
(685, 3, 'dispo'),
(685, 6, 'dispo'),
(685, 11, 'dispo'),
(685, 12, 'dispo'),
(685, 15, 'dispo'),
(685, 16, 'dispo'),
(685, 20, 'dispo'),
(685, 23, 'dispo'),
(685, 29, 'dispo'),
(685, 31, 'dispo'),
(686, 3, 'dispo'),
(686, 6, 'dispo'),
(686, 11, 'dispo'),
(686, 12, 'dispo'),
(686, 15, 'dispo'),
(686, 16, 'dispo'),
(686, 20, 'dispo'),
(686, 23, 'dispo'),
(686, 29, 'dispo'),
(686, 31, 'dispo'),
(687, 3, 'dispo'),
(687, 6, 'dispo'),
(687, 11, 'dispo'),
(687, 12, 'dispo'),
(687, 15, 'dispo'),
(687, 16, 'dispo'),
(687, 20, 'dispo'),
(687, 23, 'dispo'),
(687, 29, 'dispo'),
(687, 31, 'dispo'),
(688, 3, 'dispo'),
(688, 6, 'dispo'),
(688, 11, 'dispo'),
(688, 12, 'dispo'),
(688, 15, 'dispo'),
(688, 16, 'dispo'),
(688, 20, 'dispo'),
(688, 23, 'dispo'),
(688, 29, 'dispo'),
(688, 31, 'dispo'),
(689, 3, 'dispo'),
(689, 6, 'dispo'),
(689, 11, 'dispo'),
(689, 12, 'dispo'),
(689, 15, 'dispo'),
(689, 16, 'dispo'),
(689, 20, 'dispo'),
(689, 23, 'dispo'),
(689, 29, 'dispo'),
(689, 31, 'dispo'),
(690, 3, 'dispo'),
(690, 6, 'dispo'),
(690, 11, 'dispo'),
(690, 12, 'dispo'),
(690, 15, 'dispo'),
(690, 16, 'dispo'),
(690, 20, 'dispo'),
(690, 23, 'dispo'),
(690, 29, 'dispo'),
(690, 31, 'dispo'),
(691, 3, 'dispo'),
(691, 6, 'dispo'),
(691, 11, 'dispo'),
(691, 12, 'dispo'),
(691, 15, 'dispo'),
(691, 16, 'dispo'),
(691, 20, 'dispo'),
(691, 23, 'dispo'),
(691, 29, 'dispo'),
(691, 31, 'dispo'),
(692, 3, 'dispo'),
(692, 6, 'dispo'),
(692, 11, 'dispo'),
(692, 12, 'dispo'),
(692, 15, 'dispo'),
(692, 16, 'dispo'),
(692, 20, 'dispo'),
(692, 23, 'dispo'),
(692, 29, 'dispo'),
(692, 31, 'dispo'),
(693, 3, 'dispo'),
(693, 6, 'dispo'),
(693, 11, 'dispo'),
(693, 12, 'dispo'),
(693, 15, 'dispo'),
(693, 16, 'dispo'),
(693, 20, 'dispo'),
(693, 23, 'dispo'),
(693, 29, 'dispo'),
(693, 31, 'dispo'),
(694, 3, 'dispo'),
(694, 6, 'dispo'),
(694, 11, 'dispo'),
(694, 12, 'dispo'),
(694, 15, 'dispo'),
(694, 16, 'dispo'),
(694, 20, 'dispo'),
(694, 23, 'dispo'),
(694, 29, 'dispo'),
(694, 31, 'dispo'),
(695, 3, 'dispo'),
(695, 6, 'dispo'),
(695, 11, 'dispo'),
(695, 12, 'dispo'),
(695, 15, 'dispo'),
(695, 16, 'dispo'),
(695, 20, 'dispo'),
(695, 23, 'dispo'),
(695, 29, 'dispo'),
(695, 31, 'dispo'),
(696, 3, 'dispo'),
(696, 6, 'dispo'),
(696, 11, 'dispo'),
(696, 12, 'dispo'),
(696, 15, 'dispo'),
(696, 16, 'dispo'),
(696, 20, 'dispo'),
(696, 23, 'dispo'),
(696, 29, 'dispo'),
(696, 31, 'dispo'),
(697, 3, 'dispo'),
(697, 6, 'dispo'),
(697, 11, 'dispo'),
(697, 12, 'dispo'),
(697, 15, 'dispo'),
(697, 16, 'dispo'),
(697, 20, 'dispo'),
(697, 23, 'dispo'),
(697, 29, 'dispo'),
(697, 31, 'dispo'),
(698, 3, 'dispo'),
(698, 6, 'dispo'),
(698, 11, 'dispo'),
(698, 12, 'dispo'),
(698, 15, 'dispo'),
(698, 16, 'dispo'),
(698, 20, 'dispo'),
(698, 23, 'dispo'),
(698, 29, 'dispo'),
(698, 31, 'dispo'),
(699, 3, 'dispo'),
(699, 6, 'dispo'),
(699, 11, 'dispo'),
(699, 12, 'dispo'),
(699, 15, 'dispo'),
(699, 16, 'dispo'),
(699, 20, 'dispo'),
(699, 23, 'dispo'),
(699, 29, 'dispo'),
(699, 31, 'dispo'),
(700, 3, 'dispo'),
(700, 6, 'dispo'),
(700, 11, 'dispo'),
(700, 12, 'dispo'),
(700, 15, 'dispo'),
(700, 16, 'dispo'),
(700, 20, 'dispo'),
(700, 23, 'dispo'),
(700, 29, 'dispo'),
(700, 31, 'dispo'),
(701, 3, 'dispo'),
(701, 6, 'dispo'),
(701, 11, 'dispo'),
(701, 12, 'dispo'),
(701, 15, 'dispo'),
(701, 16, 'dispo'),
(701, 20, 'dispo'),
(701, 23, 'dispo'),
(701, 29, 'dispo'),
(701, 31, 'dispo'),
(702, 3, 'dispo'),
(702, 6, 'dispo'),
(702, 11, 'dispo'),
(702, 12, 'dispo'),
(702, 15, 'dispo'),
(702, 16, 'dispo'),
(702, 20, 'dispo'),
(702, 23, 'dispo'),
(702, 29, 'dispo'),
(702, 31, 'dispo'),
(703, 3, 'dispo'),
(703, 6, 'dispo'),
(703, 11, 'dispo'),
(703, 12, 'dispo'),
(703, 15, 'dispo'),
(703, 16, 'dispo'),
(703, 20, 'dispo'),
(703, 23, 'dispo'),
(703, 29, 'dispo'),
(703, 31, 'dispo'),
(704, 3, 'dispo'),
(704, 6, 'dispo'),
(704, 11, 'dispo'),
(704, 12, 'dispo'),
(704, 15, 'dispo'),
(704, 16, 'dispo'),
(704, 20, 'dispo'),
(704, 23, 'dispo'),
(704, 29, 'dispo'),
(704, 31, 'dispo'),
(705, 3, 'dispo'),
(705, 6, 'dispo'),
(705, 11, 'dispo'),
(705, 12, 'dispo'),
(705, 15, 'dispo'),
(705, 16, 'dispo'),
(705, 20, 'dispo'),
(705, 23, 'dispo'),
(705, 29, 'dispo'),
(705, 31, 'dispo'),
(706, 3, 'dispo'),
(706, 6, 'dispo'),
(706, 11, 'dispo'),
(706, 12, 'dispo'),
(706, 15, 'dispo'),
(706, 16, 'dispo'),
(706, 20, 'dispo'),
(706, 23, 'dispo'),
(706, 29, 'dispo'),
(706, 31, 'dispo'),
(707, 3, 'dispo'),
(707, 6, 'dispo'),
(707, 11, 'dispo'),
(707, 12, 'dispo'),
(707, 15, 'dispo'),
(707, 16, 'dispo'),
(707, 20, 'dispo'),
(707, 23, 'dispo'),
(707, 29, 'dispo'),
(707, 31, 'dispo'),
(708, 3, 'dispo'),
(708, 6, 'dispo'),
(708, 11, 'dispo'),
(708, 12, 'dispo'),
(708, 15, 'dispo'),
(708, 16, 'dispo'),
(708, 20, 'dispo'),
(708, 23, 'dispo'),
(708, 29, 'dispo'),
(708, 31, 'dispo'),
(709, 3, 'dispo'),
(709, 6, 'dispo'),
(709, 11, 'dispo'),
(709, 12, 'dispo'),
(709, 15, 'dispo'),
(709, 16, 'dispo'),
(709, 20, 'dispo'),
(709, 23, 'dispo'),
(709, 29, 'dispo'),
(709, 31, 'dispo'),
(710, 3, 'dispo'),
(710, 6, 'dispo'),
(710, 11, 'dispo'),
(710, 12, 'dispo'),
(710, 15, 'dispo'),
(710, 16, 'dispo'),
(710, 20, 'dispo'),
(710, 23, 'dispo'),
(710, 29, 'dispo'),
(710, 31, 'dispo'),
(711, 3, 'dispo'),
(711, 6, 'dispo'),
(711, 11, 'dispo'),
(711, 12, 'dispo'),
(711, 15, 'dispo'),
(711, 16, 'dispo'),
(711, 20, 'dispo'),
(711, 23, 'dispo'),
(711, 29, 'dispo'),
(711, 31, 'dispo'),
(712, 3, 'dispo'),
(712, 6, 'dispo'),
(712, 11, 'dispo'),
(712, 12, 'dispo'),
(712, 15, 'dispo'),
(712, 16, 'dispo'),
(712, 20, 'dispo'),
(712, 23, 'dispo'),
(712, 29, 'dispo'),
(712, 31, 'dispo'),
(713, 3, 'dispo'),
(713, 6, 'dispo'),
(713, 11, 'dispo'),
(713, 12, 'dispo'),
(713, 15, 'dispo'),
(713, 16, 'dispo'),
(713, 20, 'dispo'),
(713, 23, 'dispo'),
(713, 29, 'dispo'),
(713, 31, 'dispo'),
(714, 3, 'dispo'),
(714, 6, 'dispo'),
(714, 11, 'dispo'),
(714, 12, 'dispo'),
(714, 15, 'dispo'),
(714, 16, 'dispo'),
(714, 20, 'dispo'),
(714, 23, 'dispo'),
(714, 29, 'dispo'),
(714, 31, 'dispo'),
(715, 3, 'dispo'),
(715, 6, 'dispo'),
(715, 11, 'dispo'),
(715, 12, 'dispo'),
(715, 15, 'dispo'),
(715, 16, 'dispo'),
(715, 20, 'dispo'),
(715, 23, 'dispo'),
(715, 29, 'dispo'),
(715, 31, 'dispo'),
(716, 3, 'dispo'),
(716, 6, 'dispo'),
(716, 11, 'dispo'),
(716, 12, 'dispo'),
(716, 15, 'dispo'),
(716, 16, 'dispo'),
(716, 20, 'dispo'),
(716, 23, 'dispo'),
(716, 29, 'dispo'),
(716, 31, 'dispo'),
(717, 3, 'dispo'),
(717, 6, 'dispo'),
(717, 11, 'dispo'),
(717, 12, 'dispo'),
(717, 15, 'dispo'),
(717, 16, 'dispo'),
(717, 20, 'dispo'),
(717, 23, 'dispo'),
(717, 29, 'dispo'),
(717, 31, 'dispo'),
(718, 3, 'dispo'),
(718, 6, 'dispo'),
(718, 11, 'dispo'),
(718, 12, 'dispo'),
(718, 15, 'dispo'),
(718, 16, 'dispo'),
(718, 20, 'dispo'),
(718, 23, 'dispo'),
(718, 29, 'dispo'),
(718, 31, 'dispo'),
(719, 3, 'dispo'),
(719, 6, 'dispo'),
(719, 11, 'dispo'),
(719, 12, 'dispo'),
(719, 15, 'dispo'),
(719, 16, 'dispo'),
(719, 20, 'dispo'),
(719, 23, 'dispo'),
(719, 29, 'dispo'),
(719, 31, 'dispo'),
(720, 3, 'dispo'),
(720, 6, 'dispo'),
(720, 11, 'dispo'),
(720, 12, 'dispo'),
(720, 15, 'dispo'),
(720, 16, 'dispo'),
(720, 20, 'dispo'),
(720, 23, 'dispo'),
(720, 29, 'dispo'),
(720, 31, 'dispo'),
(721, 3, 'dispo'),
(721, 6, 'dispo'),
(721, 11, 'dispo'),
(721, 12, 'dispo'),
(721, 15, 'dispo'),
(721, 16, 'dispo'),
(721, 20, 'dispo'),
(721, 23, 'dispo'),
(721, 29, 'dispo'),
(721, 31, 'dispo'),
(722, 3, 'dispo'),
(722, 6, 'dispo'),
(722, 11, 'dispo'),
(722, 12, 'dispo'),
(722, 15, 'dispo'),
(722, 16, 'dispo'),
(722, 20, 'dispo'),
(722, 23, 'dispo'),
(722, 29, 'dispo'),
(722, 31, 'dispo'),
(723, 3, 'dispo'),
(723, 6, 'dispo'),
(723, 11, 'dispo'),
(723, 12, 'dispo'),
(723, 15, 'dispo'),
(723, 16, 'dispo'),
(723, 20, 'dispo'),
(723, 23, 'dispo'),
(723, 29, 'dispo'),
(723, 31, 'dispo'),
(724, 3, 'dispo'),
(724, 6, 'dispo'),
(724, 11, 'dispo'),
(724, 12, 'dispo'),
(724, 15, 'dispo'),
(724, 16, 'dispo'),
(724, 20, 'dispo'),
(724, 23, 'dispo'),
(724, 29, 'dispo'),
(724, 31, 'dispo'),
(725, 3, 'dispo'),
(725, 6, 'dispo'),
(725, 11, 'dispo'),
(725, 12, 'dispo'),
(725, 15, 'dispo'),
(725, 16, 'dispo'),
(725, 20, 'dispo'),
(725, 23, 'dispo'),
(725, 29, 'dispo'),
(725, 31, 'dispo'),
(726, 3, 'dispo'),
(726, 6, 'dispo'),
(726, 11, 'dispo'),
(726, 12, 'dispo'),
(726, 15, 'dispo'),
(726, 16, 'dispo'),
(726, 20, 'dispo'),
(726, 23, 'dispo'),
(726, 29, 'dispo'),
(726, 31, 'dispo'),
(727, 3, 'dispo'),
(727, 6, 'dispo'),
(727, 11, 'dispo'),
(727, 12, 'dispo'),
(727, 15, 'dispo'),
(727, 16, 'dispo'),
(727, 20, 'dispo'),
(727, 23, 'dispo'),
(727, 29, 'dispo'),
(727, 31, 'dispo'),
(728, 3, 'dispo'),
(728, 6, 'dispo'),
(728, 11, 'dispo'),
(728, 12, 'dispo'),
(728, 15, 'dispo'),
(728, 16, 'dispo'),
(728, 20, 'dispo'),
(728, 23, 'dispo'),
(728, 29, 'dispo'),
(728, 31, 'dispo'),
(729, 3, 'dispo'),
(729, 6, 'dispo'),
(729, 11, 'dispo'),
(729, 12, 'dispo'),
(729, 15, 'dispo'),
(729, 16, 'dispo'),
(729, 20, 'dispo'),
(729, 23, 'dispo'),
(729, 29, 'dispo'),
(729, 31, 'dispo'),
(730, 3, 'dispo'),
(730, 6, 'dispo'),
(730, 11, 'dispo'),
(730, 12, 'dispo'),
(730, 15, 'dispo'),
(730, 16, 'dispo'),
(730, 20, 'dispo'),
(730, 23, 'dispo'),
(730, 29, 'dispo'),
(730, 31, 'dispo'),
(731, 3, 'dispo'),
(731, 6, 'dispo'),
(731, 11, 'dispo'),
(731, 12, 'dispo'),
(731, 15, 'dispo'),
(731, 16, 'dispo'),
(731, 20, 'dispo'),
(731, 23, 'dispo'),
(731, 29, 'dispo'),
(731, 31, 'dispo'),
(732, 3, 'dispo'),
(732, 6, 'dispo'),
(732, 11, 'dispo'),
(732, 12, 'dispo'),
(732, 15, 'dispo'),
(732, 16, 'dispo'),
(732, 20, 'dispo'),
(732, 23, 'dispo'),
(732, 29, 'dispo'),
(732, 31, 'dispo'),
(733, 3, 'dispo'),
(733, 6, 'dispo'),
(733, 11, 'dispo'),
(733, 12, 'dispo'),
(733, 15, 'dispo'),
(733, 16, 'dispo'),
(733, 20, 'dispo'),
(733, 23, 'dispo'),
(733, 29, 'dispo'),
(733, 31, 'dispo'),
(734, 3, 'dispo'),
(734, 6, 'dispo'),
(734, 11, 'dispo'),
(734, 12, 'dispo'),
(734, 15, 'dispo'),
(734, 16, 'dispo'),
(734, 20, 'dispo'),
(734, 23, 'dispo'),
(734, 29, 'dispo'),
(734, 31, 'dispo'),
(735, 3, 'dispo'),
(735, 6, 'dispo'),
(735, 11, 'dispo'),
(735, 12, 'dispo'),
(735, 15, 'dispo'),
(735, 16, 'dispo'),
(735, 20, 'dispo'),
(735, 23, 'dispo'),
(735, 29, 'dispo'),
(735, 31, 'dispo'),
(736, 3, 'dispo'),
(736, 6, 'dispo'),
(736, 11, 'dispo'),
(736, 12, 'dispo'),
(736, 15, 'dispo'),
(736, 16, 'dispo'),
(736, 20, 'dispo'),
(736, 23, 'dispo'),
(736, 29, 'dispo'),
(736, 31, 'dispo'),
(737, 3, 'dispo'),
(737, 6, 'dispo'),
(737, 11, 'dispo'),
(737, 12, 'dispo'),
(737, 15, 'dispo'),
(737, 16, 'dispo'),
(737, 20, 'dispo'),
(737, 23, 'dispo'),
(737, 29, 'dispo'),
(737, 31, 'dispo'),
(738, 3, 'dispo'),
(738, 6, 'dispo'),
(738, 11, 'dispo'),
(738, 12, 'dispo'),
(738, 15, 'dispo'),
(738, 16, 'dispo'),
(738, 20, 'dispo'),
(738, 23, 'dispo'),
(738, 29, 'dispo'),
(738, 31, 'dispo'),
(739, 3, 'dispo'),
(739, 6, 'dispo'),
(739, 11, 'dispo'),
(739, 12, 'dispo'),
(739, 15, 'dispo'),
(739, 16, 'dispo'),
(739, 20, 'dispo'),
(739, 23, 'dispo'),
(739, 29, 'dispo'),
(739, 31, 'dispo'),
(740, 3, 'dispo'),
(740, 6, 'dispo'),
(740, 11, 'dispo'),
(740, 12, 'dispo'),
(740, 15, 'dispo'),
(740, 16, 'dispo'),
(740, 20, 'dispo'),
(740, 23, 'dispo'),
(740, 29, 'dispo'),
(740, 31, 'dispo'),
(741, 3, 'dispo'),
(741, 6, 'dispo'),
(741, 11, 'dispo'),
(741, 12, 'dispo'),
(741, 15, 'dispo'),
(741, 16, 'dispo'),
(741, 20, 'dispo'),
(741, 23, 'dispo'),
(741, 29, 'dispo'),
(741, 31, 'dispo'),
(742, 3, 'dispo'),
(742, 6, 'dispo'),
(742, 11, 'dispo'),
(742, 12, 'dispo'),
(742, 15, 'dispo'),
(742, 16, 'dispo'),
(742, 20, 'dispo'),
(742, 23, 'dispo'),
(742, 29, 'dispo'),
(742, 31, 'dispo'),
(743, 3, 'dispo'),
(743, 6, 'dispo'),
(743, 11, 'dispo'),
(743, 12, 'dispo'),
(743, 15, 'dispo'),
(743, 16, 'dispo'),
(743, 20, 'dispo'),
(743, 23, 'dispo'),
(743, 29, 'dispo'),
(743, 31, 'dispo'),
(744, 3, 'dispo'),
(744, 6, 'dispo'),
(744, 11, 'dispo'),
(744, 12, 'dispo'),
(744, 15, 'dispo'),
(744, 16, 'dispo'),
(744, 20, 'dispo'),
(744, 23, 'dispo'),
(744, 29, 'dispo'),
(744, 31, 'dispo'),
(745, 3, 'dispo'),
(745, 6, 'dispo'),
(745, 11, 'dispo'),
(745, 12, 'dispo'),
(745, 15, 'dispo'),
(745, 16, 'dispo'),
(745, 20, 'dispo'),
(745, 23, 'dispo'),
(745, 29, 'dispo'),
(745, 31, 'dispo'),
(746, 3, 'dispo'),
(746, 6, 'dispo'),
(746, 11, 'dispo'),
(746, 12, 'dispo'),
(746, 15, 'dispo'),
(746, 16, 'dispo'),
(746, 20, 'dispo'),
(746, 23, 'dispo'),
(746, 29, 'dispo'),
(746, 31, 'dispo'),
(747, 3, 'dispo'),
(747, 6, 'dispo'),
(747, 11, 'dispo'),
(747, 12, 'dispo'),
(747, 15, 'dispo'),
(747, 16, 'dispo'),
(747, 20, 'dispo'),
(747, 23, 'dispo'),
(747, 29, 'dispo'),
(747, 31, 'dispo'),
(748, 3, 'dispo'),
(748, 6, 'dispo'),
(748, 11, 'dispo'),
(748, 12, 'dispo'),
(748, 15, 'dispo'),
(748, 16, 'dispo'),
(748, 20, 'dispo'),
(748, 23, 'dispo'),
(748, 29, 'dispo'),
(748, 31, 'dispo'),
(749, 3, 'dispo'),
(749, 6, 'dispo'),
(749, 11, 'dispo'),
(749, 12, 'dispo'),
(749, 15, 'dispo'),
(749, 16, 'dispo'),
(749, 20, 'dispo'),
(749, 23, 'dispo'),
(749, 29, 'dispo'),
(749, 31, 'dispo'),
(750, 3, 'dispo'),
(750, 6, 'dispo'),
(750, 11, 'dispo'),
(750, 12, 'dispo'),
(750, 15, 'dispo'),
(750, 16, 'dispo'),
(750, 20, 'dispo'),
(750, 23, 'dispo'),
(750, 29, 'dispo'),
(750, 31, 'dispo'),
(751, 3, 'dispo'),
(751, 6, 'dispo'),
(751, 11, 'dispo'),
(751, 12, 'dispo'),
(751, 15, 'dispo'),
(751, 16, 'dispo'),
(751, 20, 'dispo'),
(751, 23, 'dispo'),
(751, 29, 'dispo'),
(751, 31, 'dispo'),
(752, 3, 'dispo'),
(752, 6, 'dispo'),
(752, 11, 'dispo'),
(752, 12, 'dispo'),
(752, 15, 'dispo'),
(752, 16, 'dispo'),
(752, 20, 'dispo'),
(752, 23, 'dispo'),
(752, 29, 'dispo'),
(752, 31, 'dispo'),
(753, 3, 'dispo'),
(753, 6, 'dispo'),
(753, 11, 'dispo'),
(753, 12, 'dispo'),
(753, 15, 'dispo'),
(753, 16, 'dispo'),
(753, 20, 'dispo'),
(753, 23, 'dispo'),
(753, 29, 'dispo'),
(753, 31, 'dispo'),
(754, 3, 'dispo'),
(754, 6, 'dispo'),
(754, 11, 'dispo'),
(754, 12, 'dispo'),
(754, 15, 'dispo'),
(754, 16, 'dispo'),
(754, 20, 'dispo'),
(754, 23, 'dispo'),
(754, 29, 'dispo'),
(754, 31, 'dispo'),
(755, 3, 'dispo'),
(755, 6, 'dispo'),
(755, 11, 'dispo'),
(755, 12, 'dispo'),
(755, 15, 'dispo'),
(755, 16, 'dispo'),
(755, 20, 'dispo'),
(755, 23, 'dispo'),
(755, 29, 'dispo'),
(755, 31, 'dispo'),
(756, 3, 'dispo'),
(756, 6, 'dispo'),
(756, 11, 'dispo'),
(756, 12, 'dispo'),
(756, 15, 'dispo'),
(756, 16, 'dispo'),
(756, 20, 'dispo'),
(756, 23, 'dispo'),
(756, 29, 'dispo'),
(756, 31, 'dispo'),
(757, 3, 'dispo'),
(757, 6, 'dispo'),
(757, 11, 'dispo'),
(757, 12, 'dispo'),
(757, 15, 'dispo'),
(757, 16, 'dispo'),
(757, 20, 'dispo'),
(757, 23, 'dispo'),
(757, 29, 'dispo'),
(757, 31, 'dispo'),
(758, 3, 'dispo'),
(758, 6, 'dispo'),
(758, 11, 'dispo'),
(758, 12, 'dispo'),
(758, 15, 'dispo'),
(758, 16, 'dispo'),
(758, 20, 'dispo'),
(758, 23, 'dispo'),
(758, 29, 'dispo'),
(758, 31, 'dispo'),
(759, 3, 'dispo'),
(759, 6, 'dispo'),
(759, 11, 'dispo'),
(759, 12, 'dispo'),
(759, 15, 'dispo'),
(759, 16, 'dispo'),
(759, 20, 'dispo'),
(759, 23, 'dispo'),
(759, 29, 'dispo'),
(759, 31, 'dispo'),
(760, 3, 'dispo'),
(760, 6, 'dispo'),
(760, 11, 'dispo'),
(760, 12, 'dispo'),
(760, 15, 'dispo'),
(760, 16, 'dispo'),
(760, 20, 'dispo'),
(760, 23, 'dispo'),
(760, 29, 'dispo'),
(760, 31, 'dispo'),
(761, 3, 'dispo'),
(761, 6, 'dispo'),
(761, 11, 'dispo'),
(761, 12, 'dispo'),
(761, 15, 'dispo'),
(761, 16, 'dispo'),
(761, 20, 'dispo'),
(761, 23, 'dispo'),
(761, 29, 'dispo'),
(761, 31, 'dispo'),
(762, 3, 'dispo'),
(762, 6, 'dispo'),
(762, 11, 'dispo'),
(762, 12, 'dispo'),
(762, 15, 'dispo'),
(762, 16, 'dispo'),
(762, 20, 'dispo'),
(762, 23, 'dispo'),
(762, 29, 'dispo'),
(762, 31, 'dispo'),
(763, 3, 'dispo'),
(763, 6, 'dispo'),
(763, 11, 'dispo'),
(763, 12, 'dispo'),
(763, 15, 'dispo'),
(763, 16, 'dispo'),
(763, 20, 'dispo'),
(763, 23, 'dispo'),
(763, 29, 'dispo'),
(763, 31, 'dispo'),
(764, 3, 'dispo'),
(764, 6, 'dispo'),
(764, 11, 'dispo'),
(764, 12, 'dispo'),
(764, 15, 'dispo'),
(764, 16, 'dispo'),
(764, 20, 'dispo'),
(764, 23, 'dispo'),
(764, 29, 'dispo'),
(764, 31, 'dispo'),
(765, 3, 'dispo'),
(765, 6, 'dispo'),
(765, 11, 'dispo'),
(765, 12, 'dispo'),
(765, 15, 'dispo'),
(765, 16, 'dispo'),
(765, 20, 'dispo'),
(765, 23, 'dispo'),
(765, 29, 'dispo'),
(765, 31, 'dispo'),
(766, 3, 'dispo'),
(766, 6, 'dispo'),
(766, 11, 'dispo'),
(766, 12, 'dispo'),
(766, 15, 'dispo'),
(766, 16, 'dispo'),
(766, 20, 'dispo'),
(766, 23, 'dispo'),
(766, 29, 'dispo'),
(766, 31, 'dispo'),
(767, 3, 'dispo'),
(767, 6, 'dispo'),
(767, 11, 'dispo'),
(767, 12, 'dispo'),
(767, 15, 'dispo'),
(767, 16, 'dispo'),
(767, 20, 'dispo'),
(767, 23, 'dispo'),
(767, 29, 'dispo'),
(767, 31, 'dispo'),
(768, 3, 'dispo'),
(768, 6, 'dispo'),
(768, 11, 'dispo'),
(768, 12, 'dispo'),
(768, 15, 'dispo'),
(768, 16, 'dispo'),
(768, 20, 'dispo'),
(768, 23, 'dispo'),
(768, 29, 'dispo'),
(768, 31, 'dispo'),
(769, 3, 'dispo'),
(769, 6, 'dispo'),
(769, 11, 'dispo'),
(769, 12, 'dispo'),
(769, 15, 'dispo'),
(769, 16, 'dispo'),
(769, 20, 'dispo'),
(769, 23, 'dispo'),
(769, 29, 'dispo'),
(769, 31, 'dispo'),
(770, 3, 'dispo'),
(770, 6, 'dispo'),
(770, 11, 'dispo'),
(770, 12, 'dispo'),
(770, 15, 'dispo'),
(770, 16, 'dispo'),
(770, 20, 'dispo'),
(770, 23, 'dispo'),
(770, 29, 'dispo'),
(770, 31, 'dispo'),
(771, 3, 'dispo'),
(771, 6, 'dispo'),
(771, 11, 'dispo'),
(771, 12, 'dispo'),
(771, 15, 'dispo'),
(771, 16, 'dispo'),
(771, 20, 'dispo'),
(771, 23, 'dispo'),
(771, 29, 'dispo'),
(771, 31, 'dispo'),
(772, 3, 'dispo'),
(772, 6, 'dispo'),
(772, 11, 'dispo'),
(772, 12, 'dispo'),
(772, 15, 'dispo'),
(772, 16, 'dispo'),
(772, 20, 'dispo'),
(772, 23, 'dispo'),
(772, 29, 'dispo'),
(772, 31, 'dispo'),
(773, 3, 'dispo'),
(773, 6, 'dispo'),
(773, 11, 'dispo'),
(773, 12, 'dispo'),
(773, 15, 'dispo'),
(773, 16, 'dispo'),
(773, 20, 'dispo'),
(773, 23, 'dispo'),
(773, 29, 'dispo'),
(773, 31, 'dispo'),
(774, 3, 'dispo'),
(774, 6, 'dispo'),
(774, 11, 'dispo'),
(774, 12, 'dispo'),
(774, 15, 'dispo'),
(774, 16, 'dispo'),
(774, 20, 'dispo'),
(774, 23, 'dispo'),
(774, 29, 'dispo'),
(774, 31, 'dispo'),
(775, 3, 'dispo'),
(775, 6, 'dispo'),
(775, 11, 'dispo'),
(775, 12, 'dispo'),
(775, 15, 'dispo'),
(775, 16, 'dispo'),
(775, 20, 'dispo'),
(775, 23, 'dispo'),
(775, 29, 'dispo'),
(775, 31, 'dispo'),
(776, 3, 'dispo'),
(776, 6, 'dispo'),
(776, 11, 'dispo'),
(776, 12, 'dispo'),
(776, 15, 'dispo'),
(776, 16, 'dispo'),
(776, 20, 'dispo'),
(776, 23, 'dispo'),
(776, 29, 'dispo'),
(776, 31, 'dispo'),
(777, 3, 'dispo'),
(777, 6, 'dispo'),
(777, 11, 'dispo'),
(777, 12, 'dispo'),
(777, 15, 'dispo'),
(777, 16, 'dispo'),
(777, 20, 'dispo'),
(777, 23, 'dispo'),
(777, 29, 'dispo'),
(777, 31, 'dispo'),
(778, 3, 'dispo'),
(778, 6, 'dispo'),
(778, 11, 'dispo'),
(778, 12, 'dispo'),
(778, 15, 'dispo'),
(778, 16, 'dispo'),
(778, 20, 'dispo'),
(778, 23, 'dispo'),
(778, 29, 'dispo'),
(778, 31, 'dispo'),
(779, 3, 'dispo'),
(779, 6, 'dispo'),
(779, 11, 'dispo'),
(779, 12, 'dispo'),
(779, 15, 'dispo'),
(779, 16, 'dispo'),
(779, 20, 'dispo'),
(779, 23, 'dispo'),
(779, 29, 'dispo'),
(779, 31, 'dispo'),
(780, 3, 'dispo'),
(780, 6, 'dispo'),
(780, 11, 'dispo'),
(780, 12, 'dispo'),
(780, 15, 'dispo'),
(780, 16, 'dispo'),
(780, 20, 'dispo'),
(780, 23, 'dispo'),
(780, 29, 'dispo'),
(780, 31, 'dispo'),
(781, 3, 'dispo'),
(781, 6, 'dispo'),
(781, 11, 'dispo'),
(781, 12, 'dispo'),
(781, 15, 'dispo'),
(781, 16, 'dispo'),
(781, 20, 'dispo'),
(781, 23, 'dispo'),
(781, 29, 'dispo'),
(781, 31, 'dispo'),
(782, 3, 'dispo'),
(782, 6, 'dispo'),
(782, 11, 'dispo'),
(782, 12, 'dispo'),
(782, 15, 'dispo'),
(782, 16, 'dispo'),
(782, 20, 'dispo'),
(782, 23, 'dispo'),
(782, 29, 'dispo'),
(782, 31, 'dispo'),
(783, 3, 'dispo'),
(783, 6, 'dispo'),
(783, 11, 'dispo'),
(783, 12, 'dispo'),
(783, 15, 'dispo'),
(783, 16, 'dispo'),
(783, 20, 'dispo'),
(783, 23, 'dispo'),
(783, 29, 'dispo'),
(783, 31, 'dispo'),
(784, 3, 'dispo'),
(784, 6, 'dispo'),
(784, 11, 'dispo'),
(784, 12, 'dispo'),
(784, 15, 'dispo'),
(784, 16, 'dispo'),
(784, 20, 'dispo'),
(784, 23, 'dispo'),
(784, 29, 'dispo'),
(784, 31, 'dispo'),
(785, 3, 'dispo'),
(785, 6, 'dispo'),
(785, 11, 'dispo'),
(785, 12, 'dispo'),
(785, 15, 'dispo'),
(785, 16, 'dispo'),
(785, 20, 'dispo'),
(785, 23, 'dispo'),
(785, 29, 'dispo'),
(785, 31, 'dispo'),
(786, 3, 'dispo'),
(786, 6, 'dispo'),
(786, 11, 'dispo'),
(786, 12, 'dispo'),
(786, 15, 'dispo'),
(786, 16, 'dispo'),
(786, 20, 'dispo'),
(786, 23, 'dispo'),
(786, 29, 'dispo'),
(786, 31, 'dispo'),
(787, 3, 'dispo'),
(787, 6, 'dispo'),
(787, 11, 'dispo'),
(787, 12, 'dispo'),
(787, 15, 'dispo'),
(787, 16, 'dispo'),
(787, 20, 'dispo'),
(787, 23, 'dispo'),
(787, 29, 'dispo'),
(787, 31, 'dispo'),
(788, 3, 'dispo'),
(788, 6, 'dispo'),
(788, 11, 'dispo'),
(788, 12, 'dispo'),
(788, 15, 'dispo'),
(788, 16, 'dispo'),
(788, 20, 'dispo'),
(788, 23, 'dispo'),
(788, 29, 'dispo'),
(788, 31, 'dispo'),
(789, 3, 'dispo'),
(789, 6, 'dispo'),
(789, 11, 'dispo'),
(789, 12, 'dispo'),
(789, 15, 'dispo'),
(789, 16, 'dispo'),
(789, 20, 'dispo'),
(789, 23, 'dispo'),
(789, 29, 'dispo'),
(789, 31, 'dispo'),
(790, 3, 'dispo'),
(790, 6, 'dispo'),
(790, 11, 'dispo'),
(790, 12, 'dispo'),
(790, 15, 'dispo'),
(790, 16, 'dispo'),
(790, 20, 'dispo'),
(790, 23, 'dispo'),
(790, 29, 'dispo'),
(790, 31, 'dispo'),
(791, 3, 'dispo'),
(791, 6, 'dispo'),
(791, 11, 'dispo'),
(791, 12, 'dispo'),
(791, 15, 'dispo'),
(791, 16, 'dispo'),
(791, 20, 'dispo'),
(791, 23, 'dispo'),
(791, 29, 'dispo'),
(791, 31, 'dispo'),
(792, 3, 'dispo'),
(792, 6, 'dispo'),
(792, 11, 'dispo'),
(792, 12, 'dispo'),
(792, 15, 'dispo'),
(792, 16, 'dispo'),
(792, 20, 'dispo'),
(792, 23, 'dispo'),
(792, 29, 'dispo'),
(792, 31, 'dispo'),
(793, 3, 'dispo'),
(793, 6, 'dispo'),
(793, 11, 'dispo'),
(793, 12, 'dispo'),
(793, 15, 'dispo'),
(793, 16, 'dispo'),
(793, 20, 'dispo'),
(793, 23, 'dispo'),
(793, 29, 'dispo'),
(793, 31, 'dispo'),
(794, 3, 'dispo'),
(794, 6, 'dispo'),
(794, 11, 'dispo'),
(794, 12, 'dispo'),
(794, 15, 'dispo'),
(794, 16, 'dispo'),
(794, 20, 'dispo'),
(794, 23, 'dispo'),
(794, 29, 'dispo'),
(794, 31, 'dispo'),
(795, 3, 'dispo'),
(795, 6, 'dispo'),
(795, 11, 'dispo'),
(795, 12, 'dispo'),
(795, 15, 'dispo'),
(795, 16, 'dispo'),
(795, 20, 'dispo'),
(795, 23, 'dispo'),
(795, 29, 'dispo'),
(795, 31, 'dispo'),
(796, 3, 'dispo'),
(796, 6, 'dispo'),
(796, 11, 'dispo'),
(796, 12, 'dispo'),
(796, 15, 'dispo'),
(796, 16, 'dispo'),
(796, 20, 'dispo'),
(796, 23, 'dispo'),
(796, 29, 'dispo'),
(796, 31, 'dispo'),
(797, 3, 'dispo'),
(797, 6, 'dispo'),
(797, 11, 'dispo'),
(797, 12, 'dispo'),
(797, 15, 'dispo'),
(797, 16, 'dispo'),
(797, 20, 'dispo'),
(797, 23, 'dispo'),
(797, 29, 'dispo'),
(797, 31, 'dispo'),
(798, 3, 'dispo'),
(798, 6, 'dispo'),
(798, 11, 'dispo'),
(798, 12, 'dispo'),
(798, 15, 'dispo'),
(798, 16, 'dispo'),
(798, 20, 'dispo'),
(798, 23, 'dispo'),
(798, 29, 'dispo'),
(798, 31, 'dispo'),
(799, 3, 'dispo'),
(799, 6, 'dispo'),
(799, 11, 'dispo'),
(799, 12, 'dispo'),
(799, 15, 'dispo'),
(799, 16, 'dispo'),
(799, 20, 'dispo'),
(799, 23, 'dispo'),
(799, 29, 'dispo'),
(799, 31, 'dispo'),
(800, 3, 'dispo'),
(800, 6, 'dispo'),
(800, 11, 'dispo'),
(800, 12, 'dispo'),
(800, 15, 'dispo'),
(800, 16, 'dispo'),
(800, 20, 'dispo'),
(800, 23, 'dispo'),
(800, 29, 'dispo'),
(800, 31, 'dispo'),
(801, 3, 'dispo'),
(801, 6, 'dispo'),
(801, 11, 'dispo'),
(801, 12, 'dispo'),
(801, 15, 'dispo'),
(801, 16, 'dispo'),
(801, 20, 'dispo'),
(801, 23, 'dispo'),
(801, 29, 'dispo'),
(801, 31, 'dispo'),
(802, 3, 'dispo'),
(802, 6, 'dispo'),
(802, 11, 'dispo'),
(802, 12, 'dispo'),
(802, 15, 'dispo'),
(802, 16, 'dispo'),
(802, 20, 'dispo'),
(802, 23, 'dispo'),
(802, 29, 'dispo'),
(802, 31, 'dispo'),
(803, 3, 'dispo'),
(803, 6, 'dispo'),
(803, 11, 'dispo'),
(803, 12, 'dispo'),
(803, 15, 'dispo'),
(803, 16, 'dispo'),
(803, 20, 'dispo'),
(803, 23, 'dispo'),
(803, 29, 'dispo'),
(803, 31, 'dispo'),
(804, 3, 'dispo'),
(804, 6, 'dispo'),
(804, 11, 'dispo'),
(804, 12, 'dispo'),
(804, 15, 'dispo'),
(804, 16, 'dispo'),
(804, 20, 'dispo'),
(804, 23, 'dispo'),
(804, 29, 'dispo'),
(804, 31, 'dispo'),
(805, 3, 'dispo'),
(805, 6, 'dispo'),
(805, 11, 'dispo'),
(805, 12, 'dispo'),
(805, 15, 'dispo'),
(805, 16, 'dispo'),
(805, 20, 'dispo'),
(805, 23, 'dispo'),
(805, 29, 'dispo'),
(805, 31, 'dispo'),
(806, 3, 'dispo'),
(806, 6, 'dispo'),
(806, 11, 'dispo'),
(806, 12, 'dispo'),
(806, 15, 'dispo'),
(806, 16, 'dispo'),
(806, 20, 'dispo'),
(806, 23, 'dispo'),
(806, 29, 'dispo'),
(806, 31, 'dispo'),
(807, 3, 'dispo'),
(807, 6, 'dispo'),
(807, 11, 'dispo'),
(807, 12, 'dispo'),
(807, 15, 'dispo'),
(807, 16, 'dispo'),
(807, 20, 'dispo'),
(807, 23, 'dispo'),
(807, 29, 'dispo'),
(807, 31, 'dispo'),
(808, 3, 'dispo'),
(808, 6, 'dispo'),
(808, 11, 'dispo'),
(808, 12, 'dispo'),
(808, 15, 'dispo'),
(808, 16, 'dispo'),
(808, 20, 'dispo'),
(808, 23, 'dispo'),
(808, 29, 'dispo'),
(808, 31, 'dispo'),
(809, 3, 'dispo'),
(809, 6, 'dispo'),
(809, 11, 'dispo'),
(809, 12, 'dispo'),
(809, 15, 'dispo'),
(809, 16, 'dispo'),
(809, 20, 'dispo'),
(809, 23, 'dispo'),
(809, 29, 'dispo'),
(809, 31, 'dispo'),
(810, 3, 'dispo'),
(810, 6, 'dispo'),
(810, 11, 'dispo'),
(810, 12, 'dispo'),
(810, 15, 'dispo'),
(810, 16, 'dispo'),
(810, 20, 'dispo'),
(810, 23, 'dispo'),
(810, 29, 'dispo'),
(810, 31, 'dispo'),
(811, 3, 'dispo'),
(811, 6, 'dispo'),
(811, 11, 'dispo'),
(811, 12, 'dispo'),
(811, 15, 'dispo'),
(811, 16, 'dispo'),
(811, 20, 'dispo'),
(811, 23, 'dispo'),
(811, 29, 'dispo'),
(811, 31, 'dispo'),
(812, 3, 'dispo'),
(812, 6, 'dispo'),
(812, 11, 'dispo'),
(812, 12, 'dispo'),
(812, 15, 'dispo'),
(812, 16, 'dispo'),
(812, 20, 'dispo'),
(812, 23, 'dispo'),
(812, 29, 'dispo'),
(812, 31, 'dispo'),
(813, 3, 'dispo'),
(813, 6, 'dispo'),
(813, 11, 'dispo'),
(813, 12, 'dispo'),
(813, 15, 'dispo'),
(813, 16, 'dispo'),
(813, 20, 'dispo'),
(813, 23, 'dispo'),
(813, 29, 'dispo'),
(813, 31, 'dispo'),
(814, 3, 'dispo'),
(814, 6, 'dispo'),
(814, 11, 'dispo'),
(814, 12, 'dispo'),
(814, 15, 'dispo'),
(814, 16, 'dispo'),
(814, 20, 'dispo'),
(814, 23, 'dispo'),
(814, 29, 'dispo'),
(814, 31, 'dispo'),
(815, 3, 'dispo'),
(815, 6, 'dispo'),
(815, 11, 'dispo'),
(815, 12, 'dispo'),
(815, 15, 'dispo'),
(815, 16, 'dispo'),
(815, 20, 'dispo'),
(815, 23, 'dispo'),
(815, 29, 'dispo'),
(815, 31, 'dispo'),
(816, 3, 'dispo'),
(816, 6, 'dispo'),
(816, 11, 'dispo'),
(816, 12, 'dispo'),
(816, 15, 'dispo'),
(816, 16, 'dispo'),
(816, 20, 'dispo'),
(816, 23, 'dispo'),
(816, 29, 'dispo'),
(816, 31, 'dispo'),
(817, 3, 'dispo'),
(817, 6, 'dispo'),
(817, 11, 'dispo'),
(817, 12, 'dispo'),
(817, 15, 'dispo'),
(817, 16, 'dispo'),
(817, 20, 'dispo'),
(817, 23, 'dispo'),
(817, 29, 'dispo'),
(817, 31, 'dispo'),
(818, 3, 'dispo'),
(818, 6, 'dispo'),
(818, 11, 'dispo'),
(818, 12, 'dispo'),
(818, 15, 'dispo'),
(818, 16, 'dispo'),
(818, 20, 'dispo'),
(818, 23, 'dispo'),
(818, 29, 'dispo'),
(818, 31, 'dispo'),
(819, 3, 'dispo'),
(819, 6, 'dispo'),
(819, 11, 'dispo'),
(819, 12, 'dispo'),
(819, 15, 'dispo'),
(819, 16, 'dispo'),
(819, 20, 'dispo'),
(819, 23, 'dispo'),
(819, 29, 'dispo'),
(819, 31, 'dispo'),
(820, 3, 'dispo'),
(820, 6, 'dispo'),
(820, 11, 'dispo'),
(820, 12, 'dispo'),
(820, 15, 'dispo'),
(820, 16, 'dispo'),
(820, 20, 'dispo'),
(820, 23, 'dispo'),
(820, 29, 'dispo'),
(820, 31, 'dispo'),
(821, 3, 'dispo'),
(821, 6, 'dispo'),
(821, 11, 'dispo'),
(821, 12, 'dispo'),
(821, 15, 'dispo'),
(821, 16, 'dispo'),
(821, 20, 'dispo'),
(821, 23, 'dispo'),
(821, 29, 'dispo'),
(821, 31, 'dispo'),
(822, 3, 'dispo'),
(822, 6, 'dispo'),
(822, 11, 'dispo'),
(822, 12, 'dispo'),
(822, 15, 'dispo'),
(822, 16, 'dispo'),
(822, 20, 'dispo'),
(822, 23, 'dispo'),
(822, 29, 'dispo'),
(822, 31, 'dispo'),
(823, 3, 'dispo'),
(823, 6, 'dispo'),
(823, 11, 'dispo'),
(823, 12, 'dispo'),
(823, 15, 'dispo'),
(823, 16, 'dispo'),
(823, 20, 'dispo'),
(823, 23, 'dispo'),
(823, 29, 'dispo'),
(823, 31, 'dispo'),
(824, 3, 'dispo'),
(824, 6, 'dispo'),
(824, 11, 'dispo'),
(824, 12, 'dispo'),
(824, 15, 'dispo'),
(824, 16, 'dispo'),
(824, 20, 'dispo'),
(824, 23, 'dispo'),
(824, 29, 'dispo'),
(824, 31, 'dispo'),
(825, 3, 'dispo'),
(825, 6, 'dispo'),
(825, 11, 'dispo'),
(825, 12, 'dispo'),
(825, 15, 'dispo'),
(825, 16, 'dispo'),
(825, 20, 'dispo'),
(825, 23, 'dispo'),
(825, 29, 'dispo'),
(825, 31, 'dispo'),
(826, 3, 'dispo'),
(826, 6, 'dispo'),
(826, 11, 'dispo'),
(826, 12, 'dispo'),
(826, 15, 'dispo'),
(826, 16, 'dispo'),
(826, 20, 'dispo'),
(826, 23, 'dispo'),
(826, 29, 'dispo'),
(826, 31, 'dispo'),
(827, 3, 'dispo'),
(827, 6, 'dispo'),
(827, 11, 'dispo'),
(827, 12, 'dispo'),
(827, 15, 'dispo'),
(827, 16, 'dispo'),
(827, 20, 'dispo'),
(827, 23, 'dispo'),
(827, 29, 'dispo'),
(827, 31, 'dispo'),
(828, 3, 'dispo'),
(828, 6, 'dispo'),
(828, 11, 'dispo'),
(828, 12, 'dispo'),
(828, 15, 'dispo'),
(828, 16, 'dispo'),
(828, 20, 'dispo'),
(828, 23, 'dispo'),
(828, 29, 'dispo'),
(828, 31, 'dispo'),
(829, 3, 'dispo'),
(829, 6, 'dispo'),
(829, 11, 'dispo'),
(829, 12, 'dispo'),
(829, 15, 'dispo'),
(829, 16, 'dispo'),
(829, 20, 'dispo'),
(829, 23, 'dispo'),
(829, 29, 'dispo'),
(829, 31, 'dispo'),
(830, 3, 'dispo'),
(830, 6, 'dispo'),
(830, 11, 'dispo'),
(830, 12, 'dispo'),
(830, 15, 'dispo'),
(830, 16, 'dispo'),
(830, 20, 'dispo'),
(830, 23, 'dispo'),
(830, 29, 'dispo'),
(830, 31, 'dispo'),
(831, 3, 'dispo'),
(831, 6, 'dispo'),
(831, 11, 'dispo'),
(831, 12, 'dispo'),
(831, 15, 'dispo'),
(831, 16, 'dispo'),
(831, 20, 'dispo'),
(831, 23, 'dispo'),
(831, 29, 'dispo'),
(831, 31, 'dispo'),
(832, 3, 'dispo'),
(832, 6, 'dispo'),
(832, 11, 'dispo'),
(832, 12, 'dispo'),
(832, 15, 'dispo'),
(832, 16, 'dispo'),
(832, 20, 'dispo'),
(832, 23, 'dispo'),
(832, 29, 'dispo'),
(832, 31, 'dispo'),
(833, 3, 'dispo'),
(833, 6, 'dispo'),
(833, 11, 'dispo'),
(833, 12, 'dispo'),
(833, 15, 'dispo'),
(833, 16, 'dispo'),
(833, 20, 'dispo'),
(833, 23, 'dispo'),
(833, 29, 'dispo'),
(833, 31, 'dispo'),
(834, 3, 'dispo'),
(834, 6, 'dispo'),
(834, 11, 'dispo'),
(834, 12, 'dispo'),
(834, 15, 'dispo'),
(834, 16, 'dispo'),
(834, 20, 'dispo'),
(834, 23, 'dispo'),
(834, 29, 'dispo'),
(834, 31, 'dispo'),
(835, 3, 'dispo'),
(835, 6, 'dispo'),
(835, 11, 'dispo'),
(835, 12, 'dispo'),
(835, 15, 'dispo'),
(835, 16, 'dispo'),
(835, 20, 'dispo'),
(835, 23, 'dispo'),
(835, 29, 'dispo'),
(835, 31, 'dispo'),
(836, 3, 'dispo'),
(836, 6, 'dispo'),
(836, 11, 'dispo'),
(836, 12, 'dispo'),
(836, 15, 'dispo'),
(836, 16, 'dispo'),
(836, 20, 'dispo'),
(836, 23, 'dispo'),
(836, 29, 'dispo'),
(836, 31, 'dispo'),
(837, 3, 'dispo'),
(837, 6, 'dispo'),
(837, 11, 'dispo'),
(837, 12, 'dispo'),
(837, 15, 'dispo'),
(837, 16, 'dispo'),
(837, 20, 'dispo'),
(837, 23, 'dispo'),
(837, 29, 'dispo'),
(837, 31, 'dispo'),
(838, 3, 'dispo'),
(838, 6, 'dispo'),
(838, 11, 'dispo'),
(838, 12, 'dispo'),
(838, 15, 'dispo'),
(838, 16, 'dispo'),
(838, 20, 'dispo'),
(838, 23, 'dispo'),
(838, 29, 'dispo'),
(838, 31, 'dispo'),
(839, 3, 'dispo'),
(839, 6, 'dispo'),
(839, 11, 'dispo'),
(839, 12, 'dispo'),
(839, 15, 'dispo'),
(839, 16, 'dispo'),
(839, 20, 'dispo'),
(839, 23, 'dispo'),
(839, 29, 'dispo'),
(839, 31, 'dispo'),
(840, 3, 'dispo'),
(840, 6, 'dispo'),
(840, 11, 'dispo'),
(840, 12, 'dispo'),
(840, 15, 'dispo'),
(840, 16, 'dispo'),
(840, 20, 'dispo'),
(840, 23, 'dispo'),
(840, 29, 'dispo'),
(840, 31, 'dispo'),
(841, 3, 'dispo'),
(841, 6, 'dispo'),
(841, 11, 'dispo'),
(841, 12, 'dispo'),
(841, 15, 'dispo'),
(841, 16, 'dispo'),
(841, 20, 'dispo'),
(841, 23, 'dispo'),
(841, 29, 'dispo'),
(841, 31, 'dispo'),
(842, 3, 'dispo'),
(842, 6, 'dispo'),
(842, 11, 'dispo'),
(842, 12, 'dispo'),
(842, 15, 'dispo'),
(842, 16, 'dispo'),
(842, 20, 'dispo'),
(842, 23, 'dispo'),
(842, 29, 'dispo'),
(842, 31, 'dispo'),
(843, 3, 'dispo'),
(843, 6, 'dispo'),
(843, 11, 'dispo'),
(843, 12, 'dispo'),
(843, 15, 'dispo'),
(843, 16, 'dispo'),
(843, 20, 'dispo'),
(843, 23, 'dispo'),
(843, 29, 'dispo'),
(843, 31, 'dispo'),
(844, 3, 'dispo'),
(844, 6, 'dispo'),
(844, 11, 'dispo'),
(844, 12, 'dispo'),
(844, 15, 'dispo'),
(844, 16, 'dispo'),
(844, 20, 'dispo'),
(844, 23, 'dispo'),
(844, 29, 'dispo'),
(844, 31, 'dispo'),
(845, 3, 'dispo'),
(845, 6, 'dispo'),
(845, 11, 'dispo'),
(845, 12, 'dispo'),
(845, 15, 'dispo'),
(845, 16, 'dispo'),
(845, 20, 'dispo'),
(845, 23, 'dispo'),
(845, 29, 'dispo'),
(845, 31, 'dispo'),
(846, 3, 'dispo'),
(846, 6, 'dispo'),
(846, 11, 'dispo'),
(846, 12, 'dispo'),
(846, 15, 'dispo'),
(846, 16, 'dispo'),
(846, 20, 'dispo'),
(846, 23, 'dispo'),
(846, 29, 'dispo'),
(846, 31, 'dispo'),
(847, 3, 'dispo'),
(847, 6, 'dispo'),
(847, 11, 'dispo'),
(847, 12, 'dispo'),
(847, 15, 'dispo'),
(847, 16, 'dispo'),
(847, 20, 'dispo'),
(847, 23, 'dispo'),
(847, 29, 'dispo'),
(847, 31, 'dispo'),
(848, 3, 'dispo'),
(848, 6, 'dispo'),
(848, 11, 'dispo'),
(848, 12, 'dispo'),
(848, 15, 'dispo'),
(848, 16, 'dispo'),
(848, 20, 'dispo'),
(848, 23, 'dispo'),
(848, 29, 'dispo'),
(848, 31, 'dispo'),
(849, 3, 'dispo'),
(849, 6, 'dispo'),
(849, 11, 'dispo'),
(849, 12, 'dispo'),
(849, 15, 'dispo'),
(849, 16, 'dispo'),
(849, 20, 'dispo'),
(849, 23, 'dispo'),
(849, 29, 'dispo'),
(849, 31, 'dispo'),
(850, 3, 'dispo'),
(850, 6, 'dispo'),
(850, 11, 'dispo'),
(850, 12, 'dispo'),
(850, 15, 'dispo'),
(850, 16, 'dispo'),
(850, 20, 'dispo'),
(850, 23, 'dispo'),
(850, 29, 'dispo'),
(850, 31, 'dispo'),
(851, 3, 'dispo'),
(851, 6, 'dispo'),
(851, 11, 'dispo'),
(851, 12, 'dispo'),
(851, 15, 'dispo'),
(851, 16, 'dispo'),
(851, 20, 'dispo'),
(851, 23, 'dispo'),
(851, 29, 'dispo'),
(851, 31, 'dispo'),
(852, 3, 'dispo'),
(852, 6, 'dispo'),
(852, 11, 'dispo'),
(852, 12, 'dispo'),
(852, 15, 'dispo'),
(852, 16, 'dispo'),
(852, 20, 'dispo'),
(852, 23, 'dispo'),
(852, 29, 'dispo'),
(852, 31, 'dispo'),
(853, 3, 'dispo'),
(853, 6, 'dispo'),
(853, 11, 'dispo'),
(853, 12, 'dispo'),
(853, 15, 'dispo'),
(853, 16, 'dispo'),
(853, 20, 'dispo'),
(853, 23, 'dispo'),
(853, 29, 'dispo'),
(853, 31, 'dispo'),
(854, 3, 'dispo'),
(854, 6, 'dispo'),
(854, 11, 'dispo'),
(854, 12, 'dispo'),
(854, 15, 'dispo'),
(854, 16, 'dispo'),
(854, 20, 'dispo'),
(854, 23, 'dispo'),
(854, 29, 'dispo'),
(854, 31, 'dispo'),
(855, 3, 'dispo'),
(855, 6, 'dispo'),
(855, 11, 'dispo'),
(855, 12, 'dispo'),
(855, 15, 'dispo'),
(855, 16, 'dispo'),
(855, 20, 'dispo'),
(855, 23, 'dispo'),
(855, 29, 'dispo'),
(855, 31, 'dispo');

-- --------------------------------------------------------

--
-- Structure de la table `users_online`
--

DROP TABLE IF EXISTS `users_online`;
CREATE TABLE IF NOT EXISTS `users_online` (
  `id` int(11) NOT NULL AUTO_INCREMENT,
  `session` varchar(255) NOT NULL,
  `time` int(11) NOT NULL,
  PRIMARY KEY (`id`)
) ENGINE=InnoDB AUTO_INCREMENT=400 DEFAULT CHARSET=utf8;

--
-- Déchargement des données de la table `users_online`
--

INSERT INTO `users_online` (`id`, `session`, `time`) VALUES
(394, '8nvuc7vtl8ar2r91g4ig6t1ktg', 1580063797),
(395, '8nvuc7vtl8ar2r91g4ig6t1ktg', 1580063809),
(396, 'mgpo2n35vbdjgef7lfbu10qgjd', 1580079290),
(397, '0g1rike2njgrt8jikpgva695uq', 1580117932),
(398, 'vkcm9o468qrpbium305ejcfo0c', 1580134647),
(399, 'g52nu1rcvqbumuibosbdrouglq', 1580154889);

-- --------------------------------------------------------

--
-- Structure de la table `visiteur`
--

DROP TABLE IF EXISTS `visiteur`;
CREATE TABLE IF NOT EXISTS `visiteur` (
  `id` int(12) NOT NULL AUTO_INCREMENT,
  `session` varchar(255) NOT NULL,
  `time` int(11) NOT NULL,
  PRIMARY KEY (`id`)
) ENGINE=InnoDB AUTO_INCREMENT=77 DEFAULT CHARSET=utf8;

--
-- Déchargement des données de la table `visiteur`
--

INSERT INTO `visiteur` (`id`, `session`, `time`) VALUES
(12, 'v0s05qknr7n8vtqftbci8lmqv5', 1579593709),
(13, 'v0s05qknr7n8vtqftbci8lmqv5', 1579593922),
(14, 'v0s05qknr7n8vtqftbci8lmqv5', 1579593971),
(15, 'v0s05qknr7n8vtqftbci8lmqv5', 1579594169),
(16, 'v0s05qknr7n8vtqftbci8lmqv5', 1579594632),
(17, 'v0s05qknr7n8vtqftbci8lmqv5', 1579594933),
(18, 'v0s05qknr7n8vtqftbci8lmqv5', 1579595240),
(19, 'v0s05qknr7n8vtqftbci8lmqv5', 1579595380),
(20, 'v0s05qknr7n8vtqftbci8lmqv5', 1579595402),
(21, 'v0s05qknr7n8vtqftbci8lmqv5', 1579595679),
(22, 'v0s05qknr7n8vtqftbci8lmqv5', 1579595752),
(23, 'v0s05qknr7n8vtqftbci8lmqv5', 1579595825),
(24, 'v0s05qknr7n8vtqftbci8lmqv5', 1579596019),
(25, 'v0s05qknr7n8vtqftbci8lmqv5', 1579596053),
(26, 'v0s05qknr7n8vtqftbci8lmqv5', 1579596077),
(27, 'v0s05qknr7n8vtqftbci8lmqv5', 1579596115),
(28, 'v0s05qknr7n8vtqftbci8lmqv5', 1579596190),
(29, 'v0s05qknr7n8vtqftbci8lmqv5', 1579596242),
(30, 'v0s05qknr7n8vtqftbci8lmqv5', 1579596628),
(31, 'qgt8gl15o4rktosd3g7niv1et5', 1579615918),
(32, 'qgt8gl15o4rktosd3g7niv1et5', 1579615993),
(33, 'qgt8gl15o4rktosd3g7niv1et5', 1579616139),
(34, 'qgt8gl15o4rktosd3g7niv1et5', 1579616266),
(35, 'qgt8gl15o4rktosd3g7niv1et5', 1579616339),
(36, 'qgt8gl15o4rktosd3g7niv1et5', 1579616373),
(37, 'qgt8gl15o4rktosd3g7niv1et5', 1579616526),
(38, 'qgt8gl15o4rktosd3g7niv1et5', 1579616584),
(39, 'qgt8gl15o4rktosd3g7niv1et5', 1579616693),
(40, 'qgt8gl15o4rktosd3g7niv1et5', 1579616721),
(41, 'qgt8gl15o4rktosd3g7niv1et5', 1579616749),
(42, 'qgt8gl15o4rktosd3g7niv1et5', 1579617368),
(43, 'qgt8gl15o4rktosd3g7niv1et5', 1579617378),
(44, 'qgt8gl15o4rktosd3g7niv1et5', 1579623177),
(45, 'qgt8gl15o4rktosd3g7niv1et5', 1579623223),
(46, 'qgt8gl15o4rktosd3g7niv1et5', 1579623360),
(47, 'oouk7m1na6hgf93o8p5jbnk5q2', 1579686607),
(48, 'oouk7m1na6hgf93o8p5jbnk5q2', 1579686680),
(49, 'oouk7m1na6hgf93o8p5jbnk5q2', 1579686687),
(50, 'oouk7m1na6hgf93o8p5jbnk5q2', 1579686740),
(51, 'oouk7m1na6hgf93o8p5jbnk5q2', 1579686765),
(52, 'oouk7m1na6hgf93o8p5jbnk5q2', 1579686800),
(53, 'oouk7m1na6hgf93o8p5jbnk5q2', 1579686837),
(54, 'oouk7m1na6hgf93o8p5jbnk5q2', 1579686979),
(55, 'oouk7m1na6hgf93o8p5jbnk5q2', 1579686990),
(56, 'oouk7m1na6hgf93o8p5jbnk5q2', 1579686994),
(57, 'oouk7m1na6hgf93o8p5jbnk5q2', 1579687004),
(58, 'oouk7m1na6hgf93o8p5jbnk5q2', 1579687019),
(59, 'oouk7m1na6hgf93o8p5jbnk5q2', 1579687141),
(60, 'sn4kh23e1eldkcnhebaj41vg2j', 1579778970),
(61, 'paefs8v8mp4ft1he1v1p8qp79f', 1579856564),
(62, 'l8g31akg6kvt2neooe244got8e', 1579867274),
(63, '9h35gu6oh54c46c20rag2m4svp', 1579868076),
(64, 'cn6mgq2ok95ugbi8ae3grj1g6d', 1579870222),
(65, '24d43bim4c0koe1hpqb6dop2ha', 1579878730),
(66, '24d43bim4c0koe1hpqb6dop2ha', 1579883316),
(67, 'lhttvv5jtf3u3o72e9804o643i', 1579995928),
(68, 'nobevcslscjbn784k0b4pjj11n', 1580038626),
(69, '2a08201i01p1relodqffmink9s', 1580039370),
(70, 'tkdg197jrb2vt2bop3eeqm2ooc', 1580059398),
(71, '8nvuc7vtl8ar2r91g4ig6t1ktg', 1580063797),
(72, '8nvuc7vtl8ar2r91g4ig6t1ktg', 1580063809),
(73, 'mgpo2n35vbdjgef7lfbu10qgjd', 1580079290),
(74, '0g1rike2njgrt8jikpgva695uq', 1580117932),
(75, 'vkcm9o468qrpbium305ejcfo0c', 1580134648),
(76, 'g52nu1rcvqbumuibosbdrouglq', 1580154889);

-- --------------------------------------------------------

--
-- Structure de la table `vol`
--

DROP TABLE IF EXISTS `vol`;
CREATE TABLE IF NOT EXISTS `vol` (
  `num_vol` int(11) NOT NULL AUTO_INCREMENT,
  `date_depart` date NOT NULL,
  `heure_depart` time NOT NULL,
  `date_arrivee` date NOT NULL,
  `heure_arrivee` time NOT NULL,
  `nom_aer_dep` varchar(30) NOT NULL,
  `nom_aer_arr` varchar(30) NOT NULL,
  `matricule_avion` int(11) NOT NULL,
  `prix_eco_adulte` double NOT NULL,
  `prix_eco_enfant` double NOT NULL,
  `prix_eco_bebe` double NOT NULL,
  `prix_premiere_adulte` double NOT NULL,
  `prix_premiere_enfant` double NOT NULL,
  `prix_premiere_bebe` double NOT NULL,
  `promotion` tinyint(4) NOT NULL DEFAULT '0',
  `etat_vol` varchar(256) NOT NULL DEFAULT 'dispo',
  PRIMARY KEY (`num_vol`),
  KEY `nom_aer_dep` (`nom_aer_dep`),
  KEY `nom_aer_arr` (`nom_aer_arr`),
  KEY `matricule_avion` (`matricule_avion`)
) ENGINE=InnoDB AUTO_INCREMENT=32 DEFAULT CHARSET=utf8;

--
-- Déchargement des données de la table `vol`
--

INSERT INTO `vol` (`num_vol`, `date_depart`, `heure_depart`, `date_arrivee`, `heure_arrivee`, `nom_aer_dep`, `nom_aer_arr`, `matricule_avion`, `prix_eco_adulte`, `prix_eco_enfant`, `prix_eco_bebe`, `prix_premiere_adulte`, `prix_premiere_enfant`, `prix_premiere_bebe`, `promotion`, `etat_vol`) VALUES
(1, '2020-01-24', '12:00:00', '2020-01-28', '14:10:00', 'ALGER', 'PARIS', 2, 17000, 15000, 1000, 50000, 25000, 5000, 0, 'dispo'),
(3, '2020-01-30', '12:00:00', '2020-01-30', '14:10:00', 'ALGER', 'PARIS', 3, 17000, 15000, 1000, 50000, 25000, 5000, 0, 'dispo'),
(5, '2020-02-01', '12:00:00', '2020-02-01', '14:10:00', 'ALGER', 'PARIS', 2, 17000, 10000, 1000, 50000, 25000, 5000, 0, 'dispo'),
(6, '2020-02-02', '12:00:00', '2020-02-02', '14:10:00', 'ALGER', 'PARIS', 3, 17000, 10000, 1000, 50000, 25000, 5000, 0, 'dispo'),
(7, '2020-02-03', '12:00:00', '2020-02-03', '14:10:00', 'ALGER', 'PARIS', 1, 17000, 10000, 1000, 50000, 25000, 5000, 0, 'dispo'),
(8, '2020-02-04', '12:00:00', '2020-02-04', '14:10:00', 'ALGER', 'PARIS', 2, 17000, 15000, 1000, 50000, 25000, 5000, 0, 'dispo'),
(9, '2020-01-27', '12:00:00', '2020-01-27', '14:10:00', 'PARIS', 'ALGER', 2, 17000, 15000, 1000, 50000, 25000, 5000, 0, 'dispo'),
(10, '2020-01-28', '12:00:00', '2020-01-28', '14:10:00', 'PARIS', 'ALGER', 2, 17000, 15000, 1000, 50000, 25000, 5000, 0, 'dispo'),
(11, '2020-01-30', '12:00:00', '2020-01-30', '14:10:00', 'PARIS', 'ALGER', 3, 17000, 15000, 1000, 50000, 25000, 5000, 0, 'dispo'),
(12, '2020-01-31', '12:00:00', '2020-01-31', '14:10:00', 'PARIS', 'ALGER', 3, 17000, 15000, 1000, 50000, 25000, 5000, 0, 'dispo'),
(13, '2020-02-01', '12:00:00', '2020-02-01', '14:10:00', 'PARIS', 'ALGER', 1, 17000, 15000, 1000, 50000, 25000, 5000, 0, 'dispo'),
(14, '2020-02-03', '12:00:00', '2020-02-03', '14:10:00', 'PARIS', 'ALGER', 2, 17000, 15000, 1000, 50000, 25000, 5000, 0, 'dispo'),
(15, '2020-02-02', '10:00:00', '2020-02-02', '12:30:00', 'LYON', 'ALGER', 3, 40000, 35000, 4000, 30000, 25000, 3000, 0, 'dispo'),
(16, '2020-02-04', '12:00:00', '2020-02-04', '14:10:00', 'PARIS', 'ALGER', 3, 17000, 15000, 1000, 50000, 25000, 5000, 0, 'dispo'),
(17, '2020-01-27', '16:00:00', '2020-01-27', '18:10:00', 'ALGER', 'PARIS', 2, 17000, 15000, 1000, 50000, 25000, 5000, 0, 'dispo'),
(18, '2020-01-31', '13:00:00', '2020-01-31', '15:00:00', 'ALGER', 'BEIRUT', 2, 50000, 45000, 5000, 23000, 20000, 2000, 0, 'dispo'),
(19, '2020-01-29', '12:00:00', '2020-01-29', '15:40:00', 'ALGER', 'ISTAMBUL', 2, 26000, 15000, 1000, 50000, 25000, 5000, 0, 'dispo'),
(20, '2020-01-29', '20:00:00', '2020-01-29', '23:40:00', 'ALGER', 'ISTAMBUL', 3, 26000, 15000, 1000, 50000, 25000, 5000, 0, 'dispo'),
(21, '2020-01-29', '16:00:00', '2020-01-29', '20:00:00', 'ALGER', 'BEIRUT', 1, 23000, 17000, 1000, 48000, 30000, 5000, 0, 'dispo'),
(22, '2020-01-29', '10:00:00', '2020-01-29', '12:30:00', 'ALGER', 'STRASBOURG', 1, 43000, 30000, 5000, 60000, 40000, 10000, 0, 'dispo'),
(23, '2020-01-29', '20:00:00', '2020-01-29', '23:00:00', 'ALGER', 'STRASBOURG', 3, 43000, 30000, 5000, 60000, 40000, 10000, 0, 'dispo'),
(24, '2020-01-29', '12:00:00', '2020-01-30', '02:00:00', 'ALGER', 'LAS-VEGAS', 1, 180000, 140000, 50000, 240000, 200000, 80000, 0, 'dispo'),
(25, '2020-01-29', '16:00:00', '2020-01-29', '20:10:00', 'ALGER', 'HAMBURG', 2, 33000, 23000, 5000, 53000, 43000, 10000, 0, 'dispo'),
(26, '2020-01-29', '12:00:00', '2020-01-29', '22:10:00', 'ALGER', 'STOCKHOLM', 1, 160000, 100000, 10000, 260000, 200000, 20000, 0, 'dispo'),
(27, '2020-01-29', '18:00:00', '2020-01-29', '22:10:00', 'ALGER', 'PARIS', 1, 17000, 10000, 1000, 27000, 20000, 5000, 0, 'dispo'),
(28, '2020-01-29', '00:00:00', '2020-01-29', '02:00:00', 'ALGER', 'PARIS', 1, 17000, 15000, 1000, 27000, 20000, 5000, 0, 'dispo'),
(29, '2020-01-29', '03:00:00', '2020-01-29', '05:10:00', 'ALGER', 'PARIS', 3, 17000, 15000, 1000, 27000, 20000, 5000, 0, 'dispo'),
(30, '2020-01-29', '07:00:00', '2020-01-29', '09:10:00', 'ALGER', 'PARIS', 2, 17000, 15000, 1000, 27000, 20000, 5000, 0, 'dispo'),
(31, '2020-01-29', '10:00:00', '2020-01-29', '12:10:00', 'ALGER', 'PARIS', 3, 17000, 15000, 1000, 27000, 20000, 5000, 0, 'dispo');

--
-- Contraintes pour les tables déchargées
--

--
-- Contraintes pour la table `abonnees`
--
ALTER TABLE `abonnees`
  ADD CONSTRAINT `abonnees_ibfk_1` FOREIGN KEY (`nom_compagnie`) REFERENCES `compagnie` (`nom_compagnie`) ON DELETE CASCADE ON UPDATE CASCADE;

--
-- Contraintes pour la table `enregistrement`
--
ALTER TABLE `enregistrement`
  ADD CONSTRAINT `enregistrement_ibfk_1` FOREIGN KEY (`num_bagage`) REFERENCES `bagage` (`num_bagage`) ON DELETE CASCADE ON UPDATE CASCADE,
  ADD CONSTRAINT `enregistrement_ibfk_2` FOREIGN KEY (`num_passager`) REFERENCES `passager` (`num_passager`) ON DELETE CASCADE ON UPDATE CASCADE,
  ADD CONSTRAINT `enregistrement_ibfk_3` FOREIGN KEY (`num_service`) REFERENCES `service` (`num_service`) ON DELETE CASCADE ON UPDATE CASCADE,
  ADD CONSTRAINT `enregistrement_ibfk_4` FOREIGN KEY (`num_carte`) REFERENCES `carte_banquaire` (`num_carte`) ON DELETE CASCADE ON UPDATE CASCADE;

--
-- Contraintes pour la table `facture_enregistrement`
--
ALTER TABLE `facture_enregistrement`
  ADD CONSTRAINT `facture_enregistrement_ibfk_1` FOREIGN KEY (`num_enregi`) REFERENCES `enregistrement` (`num_enreg`) ON DELETE CASCADE ON UPDATE CASCADE,
  ADD CONSTRAINT `facture_enregistrement_ibfk_2` FOREIGN KEY (`nom_comp`) REFERENCES `compagnie` (`nom_compagnie`) ON DELETE CASCADE ON UPDATE CASCADE;

--
-- Contraintes pour la table `siegedispo`
--
ALTER TABLE `siegedispo`
  ADD CONSTRAINT `siegedispo_ibfk_1` FOREIGN KEY (`num_vol`) REFERENCES `vol` (`num_vol`) ON DELETE CASCADE ON UPDATE CASCADE,
  ADD CONSTRAINT `siegedispo_ibfk_2` FOREIGN KEY (`code_siege`) REFERENCES `siege` (`code_siege`) ON DELETE CASCADE ON UPDATE CASCADE;

--
-- Contraintes pour la table `vol`
--
ALTER TABLE `vol`
  ADD CONSTRAINT `vol_ibfk_1` FOREIGN KEY (`nom_aer_arr`) REFERENCES `aeroport` (`nom_aeroport`) ON DELETE CASCADE ON UPDATE CASCADE,
  ADD CONSTRAINT `vol_ibfk_2` FOREIGN KEY (`nom_aer_dep`) REFERENCES `aeroport` (`nom_aeroport`) ON DELETE CASCADE ON UPDATE CASCADE,
  ADD CONSTRAINT `vol_ibfk_3` FOREIGN KEY (`matricule_avion`) REFERENCES `avion` (`matricule_avion`) ON DELETE CASCADE ON UPDATE CASCADE;
COMMIT;

/*!40101 SET CHARACTER_SET_CLIENT=@OLD_CHARACTER_SET_CLIENT */;
/*!40101 SET CHARACTER_SET_RESULTS=@OLD_CHARACTER_SET_RESULTS */;
/*!40101 SET COLLATION_CONNECTION=@OLD_COLLATION_CONNECTION */;
